국밥온다,한식점
명태본가,한식점
우상화로구이,한식점
오늘은볶음밥,한식점
배달비 무료 삼겹 배무삼,한식점
국밥상회&냉면,한식점
또근이찜닭,한식점
본가낙곱새,한식점
백로식당,한식점
산더미 해물칼국수,한식점
산더미해물찜 해담,한식점
찜갈비리아 순살킹,한식점
돼왕국밥,한식점
푸닭발,한식점
맘모스족발,한식점
오케이낙곱새,한식점
감명감자탕,한식점
닭치고찜닭,한식점
히죽,한식점
밥톡,한식점
미락,한식점
갑쭈낙,한식점
홈쿡,한식점
도조라멘&덮밥,한식점
조림철통닭갈비,한식점
대한국밥만세,한식점
불의민족,한식점
PF족발,한식점
놀부해물찜,한식점
라라그릴,한식점
함지신신,한식점
맵제육,한식점
내만삼겹살,한식점
최고남 제육명가,한식점
이한규의 서소문족발,한식점
땅스족발,한식점
솥당,한식점
냉면발전소,한식점
행복낙곱새,한식점
꽉찬소곱창,한식점
상상오리,한식점
얼크니닭도리탕,한식점
소중한한끼담은사골순대국,한식점
산촌신쭈꾸미 딜리버리,한식점
호랑이 냉면,한식점
오색만찬푸드랩,한식점
한식1번가와교실의밥상,한식점
고기폭탄 찌개3끼,한식점
국밥의 민족,한식점
더바른정국밥,한식점
배달덮밥,한식점
찌개엔,한식점
밥을짓다,한식점
설악냉면,한식점
조선밥상,한식점
된장마을 고깃집,한식점
데일리족발,한식점
밥튜브,한식점
만두판,한식점
위대한찜닭,한식점
모두의죽,한식점
덕후밥,한식점
포대포,한식점
돈까스쿨,한식점
하박국오리참숯바베큐,한식점
당신대게,한식점
호선생찜닭8422,한식점
샌딜리버블,한식점
검은냉면,한식점
대풍족,한식점
깡스오돌뼈,한식점
한찜두찜 돼지김치찜,한식점
알찬제육,한식점
정진관의일품정,한식점
요리야 김밥,한식점
민들레,한식점
오별찜닭,한식점
최강곱도리,한식점
참버굼 짓가심가,한식점
쪽쪽갈비,한식점
보말진칼국수김밥,한식점
육도락,한식점
속초해물알찜,한식점
총총칼국수,한식점
박달 박가네 숯불 껍데기,한식점
씨이오찌개,한식점
꺼다리,한식점
코스모한우국밥,한식점
씨이오족발,한식점
씨이오돼지고기,한식점
씨이오순대국,한식점
데일리도시락,한식점
데일리라이스,한식점
좋은국밥,한식점
덕우왕맥주,한식점
육식청년,한식점
짱꼬집,한식점
이우국수,한식점
소문난국물닭발,한식점
7곡제면소,한식점
해양산,한식점
백만뷰레서피,한식점
오모가리,한식점
상전,한식점
데일리곱창,한식점
구구포차,한식점
응답하라 series,한식점
집밥밥을공부하다,한식점
쌈마이닭쌈밥,한식점
가마솥의누룽지,한식점
레드그레이,한식점
용길이네 곱창집,한식점
직접구운족발,한식점
무한생쪽갈비찜,한식점
왕고집찜마을동태탕,한식점
고기애찬,한식점
삼시락,한식점
찜닭의정석,한식점
마이게 김치찜&김치찌개다,한식점
우간다곱창,한식점
심야식당홍,한식점
전국민 김치찌개랑제육 맛집,한식점
맛없으면 환불해주는 김치찜,한식점
P.O.D 파파와딸딸 도시락,한식점
알천지,한식점
배뽈딱 한돈 김치찜,한식점
싸군혼덮밥은내가하리,한식점
삼굡꼬기만,한식점
곱창클라쓰,한식점
신의전골,한식점
眞감동낙곱새,한식점
덮빔밥,한식점
옛날양푼국수,한식점
김서영 완도맛집,한식점
정우채 무까 도시락,한식점
코주부대찌개,한식점
호랭이혼밥대령,한식점
여육장,한식점
위풍당당 족발,한식점
1392김치찜,한식점
꽈빙,한식점
366마켓,한식점
대박집 제육,한식점
100년가게 닭볶음탕,한식점
완뚝 국밥,한식점
5성회관,한식점
바람난 한끼돼지,한식점
쭈스타,한식점
곱꾸아한우곱창,한식점
따로 삼계탕,한식점
프라이드프라이드,한식점
리치메이커,한식점
뚝담,한식점
곱돌식당1997,한식점
나정에가면,한식점
온스,한식점
우리만 가고싶은 한우곱창,한식점
이장군 족발&보쌈,한식점
고봉김밥,한식점
족발1호선,한식점
데일리미트,한식점
벽돌곱창,한식점
86계성집,한식점
靑해품당수산식당,한식점
수라원찜갈비,한식점
국밥파는남자,한식점
계진상,한식점
장어상회,한식점
빔빔,한식점
데일리찌개,한식점
모심뚝배기,한식점
미식감동,한식점
뚝딱,한식점
북일관,한식점
밥샷,한식점
마카국밥,한식점
형제코다리,한식점
장수국수,한식점
찌개에반하다,한식점
1O2,한식점
막창사냥꾼,한식점
흑쇠,한식점
팔팔찌개,한식점
서희생선구이밥상,한식점
밥때24시,한식점
한양양곱창 래래정 1992,한식점
거궁찬스,한식점
밥상배달,한식점
삼수집,한식점
농부가막국수,한식점
바른족발 바른보쌈,한식점
제이브이엘 직화삼겹살&야식,한식점
제육의달인,한식점
띵미윗미,한식점
기술면집 백밀원,한식점
끓임당,한식점
족발이다,한식점
육회에반한꼬막,한식점
명태인생,한식점
모서릿집,한식점
올림죽,한식점
다림식탁,한식점
소공동 한우육회&육회만원해,한식점
보배쭈꾸미,한식점
해운대연탄생갈비,한식점
캐롤커피,한식점
만면희색,한식점
심볼,한식점
고기집이야,한식점
김프로 고깃집 앤 곱창집,한식점
남산소금구이,한식점
미소곱창,한식점
홍미닭발,한식점
별빛곱창,한식점
곱마담,한식점
시간을달리는족발,한식점
꽜시다,한식점
계수작,한식점
우화한닭삼계,한식점
오일내,한식점
탐진강면사무소,한식점
그립닭,한식점
이가네명인갈비살,한식점
동촌샤브칼국수,한식점
국수역,한식점
계계속속,한식점
콩이락,한식점
고래부대찌개,한식점
갈 곳이 없다 그래서 제주도로,한식점
곰순이 장칼국수,한식점
수라죽,한식점
냉큼오삼,한식점
완판도,한식점
부르주메 건강원,한식점
찌개의민족,한식점
덮우동익스프레스,한식점
상하이익스프레스,한식점
국보미역,한식점
지구대표족발,한식점
활짝핀메밀,한식점
샤브로21,한식점
주해장집,한식점
명가돌집,한식점
섬진강다슬기마을,한식점
찐한부산돼지국밥,한식점
규온,한식점
고기스타망치,한식점
순전 뚝배기명가,한식점
제일콩국,한식점
김치볶음밥 잘 볶는 집,한식점
닭동가리,한식점
막닭구이,한식점
맛쿵 감자탕,한식점
고정점,한식점
일동실비,한식점
1985전설의곱창,한식점
이서면장 국수잘하는집,한식점
정칼국수,한식점
파랑김치가맛난식당,한식점
박정숙의 금메달식당,한식점
국밥의 한수,한식점
훈솥삼 솥뚜껑삼겹살,한식점
고기주택,한식점
수퍼옥,한식점
구울:계,한식점
다왕갈비탕,한식점
조봉순국밥,한식점
화춘가든,한식점
황칠남원추어탕,한식점
새삼,한식점
전주소반,한식점
순례국밥,한식점
육감예찬,한식점
TSG패스트그릴,한식점
딜라익스프레스,한식점
홍천화로구이,한식점
다로갈비,한식점
미소그릴,한식점
김장순 食堂,한식점
情칼국수,한식점
구르메산장,한식점
축항물회,한식점
국가대표 생고기,한식점
꼭지네,한식점
호랑이장칼국수,한식점
항정살이맛있다,한식점
뚝딱설렁탕,한식점
도론도론,한식점
화산 포갈비,한식점
진지한국밥,한식점
천합칼국수,한식점
국밥집 막내아들,한식점
일취월잔,한식점
주계식당,한식점
호강불백,한식점
김미화코다리,한식점
탁사발 두부공방,한식점
스커트랜드,한식점
린정,한식점
윤이냉삼집,한식점
전설의 돼지국밥 돈미옥,한식점
국밥집 막내아들,한식점
삼척집,한식점
이우갈비,한식점
키조개 삼합 폭식,한식점
해장국 홀릭,한식점
직화 통돌이 시대,한식점
맥적단,한식점
본팔도국밥,한식점
조선의진국,한식점
추읍산개군 양평해장국,한식점
일점가,한식점
아뜨뜨,한식점
서울김바비,한식점
순두부전문점오늘,한식점
돈순장,한식점
본팔백,한식점
두껍집,한식점
사라,한식점
고향옥뼈해장국,한식점
색다른 감자탕,한식점
가야왕족,한식점
보끔당,한식점
우산화로,한식점
유부상회,한식점
육심장인,한식점
데일리닭갈비,한식점
품육,한식점
불쩐당,한식점
우지칸소,한식점
수신닭발,한식점
닭슐랭,한식점
일행,한식점
강남랭겹,한식점
공중부양물갈비,한식점
홍개미,한식점
마녀의닭갈비,한식점
대동면옥,한식점
육즈비,한식점
디트로이트부대찌개,한식점
자연드림 힐링밥상,한식점
소우창,한식점
심스조개전골칼국수,한식점
동네맛집뼈구이집,한식점
동네맛집고깃집,한식점
동네맛집국수집,한식점
동네맛집해장집,한식점
맵쪽갈비,한식점
삼해진미동해왕코다리,한식점
임수봉의 능이동태탕,한식점
고기의 신전,한식점
부산약콩밀면,한식점
청반도,한식점
대박물갈비,한식점
화난돼지,한식점
반딧불오징어,한식점
팔십뚜껑,한식점
차여사국밥,한식점
참숯벽돌,한식점
막창명가,한식점
수육신,한식점
오리니,한식점
곱창민족,한식점
청년보쌈,한식점
쫄삼예찬,한식점
홍할매,한식점
정손식당,한식점
육식도,한식점
대한당,한식점
먹심,한식점
백정가LC,한식점
지산목,한식점
범가숯불갈비,한식점
화로국밥,한식점
하마네아구찜,한식점
먹성집,한식점
명장진국설렁탕,한식점
큰집명가감자탕,한식점
미뜸,한식점
정양집,한식점
노곡회관,한식점
모티,한식점
끄티,한식점
돈대박돼지국밥24,한식점
안철주시골한상,한식점
김사또산더미오리&탕,한식점
화리화리,한식점
송호황토마을,한식점
미소본가스마일칼국수,한식점
깡그리 한식포차주막,한식점
개그맨 정용국의 용곱창,한식점
무궁화주택,한식점
고기에오르다,한식점
국민감자탕,한식점
육화미,한식점
국내산 갈치조림 전주식당 별미,한식점
한우단골집1981,한식점
이준봉 문정갈빗집,한식점
조박사감자탕,한식점
김미자당진아구동태찜탕,한식점
고령촌돼지찌개석쇠불고기,한식점
모해왕해물탕,한식점
금솔,한식점
무쇳간,한식점
수소부억,한식점
더다함감자탕,한식점
미스터프랭키리페어샵,한식점
갈비창고,한식점
기가찬국밥,한식점
3초등심,한식점
아!이맛이야 철판산성,한식점
연고기,한식점
영광조개구이무한리필,한식점
맑은365,한식점
바칼,한식점
해논미역,한식점
미미 찌개방,한식점
미미 된장집,한식점
즐삼생고기,한식점
복만세,한식점
논개한우,한식점
꽃핀돈,한식점
LA코코보일링,한식점
와우화로,한식점
효선기보,한식점
심돈,한식점
향유,한식점
나날이일품돼지국밥,한식점
육즙당,한식점
한근집,한식점
박상근 푸드 장우갈비 1986,한식점
이섭감자탕,한식점
임지훈의 시골생고기,한식점
어부신광호,한식점
서울갈비,한식점
범골,한식점
개미집낙곱새,한식점
우정한우곱창,한식점
입맛을 훔친 순댓국,한식점
도원경,한식점
막퍼주는 삼겹상회,한식점
별난버섯집,한식점
기성집,한식점
꽃잎대패,한식점
송다원,한식점
명현만의 간장게장,한식점
삼목정원,한식점
복남이네꽁당보리밥,한식점
1974 한쌈,한식점
삼삼뼈국,한식점
황태풍경,한식점
냉면장수,한식점
내가 대한의 고기다,한식점
가우미탑골가든,한식점
처음본 명품민물장어,한식점
오계절,한식점
공면,한식점
하누래,한식점
권이최GO 무학산오리하우스,한식점
이해윤 추어명가,한식점
샤브50,한식점
밀곳,한식점
비법담은족발,한식점
빛뜰,한식점
풍년화로,한식점
2도에이징,한식점
개성순대,한식점
무궁화정육식당,한식점
무궁화한우,한식점
족과비,한식점
풀리김밥,한식점
흰고래연어육회,한식점
옛족,한식점
쿵더덕쿵족,한식점
미친다락,한식점
비결족발,한식점
대박꽃돼지 정육식당,한식점
진제주반점,한식점
송계옥,한식점
불고기찜닭,한식점
상무칡냉면,한식점
고기가뜩 김치찜,한식점
기왓골,한식점
10000족발,한식점
평양집,한식점
우아한 도시락,한식점
그:집,한식점
게장 참 잘하는집,한식점
오렌지푸드홈파티,한식점
삼정꼬랑지,한식점
우두갈비,한식점
88서울불백,한식점
정선애곤드레밥,한식점
전순남할매족발,한식점
뼈대장,한식점
국밥장인,한식점
대왕제육,한식점
마니산산채,한식점
대단한 돈까스,한식점
비결고기,한식점
한양뚝배기,한식점
한양감자탕 순대국,한식점
울산밀면전문점,한식점
소주물,한식점
진성민속촌,한식점
엉터리생고기세번째이야기프리미엄코리안비비큐,한식점
오리덕애,한식점
순정한우 정육식당,한식점
최원석의 돼지 한판,한식점
마성소국밥,한식점
강씨목삼,한식점
남행,한식점
육짝,한식점
섬 맛의 공방 제주이야기,한식점
슈룹,한식점
본가왕뼈 감자탕,한식점
봉수육,한식점
조선밥상,한식점
박수연의 국가1등 삼겹대패,한식점
닭나무집,한식점
반송돈,한식점
사랑채막국수,한식점
60족,한식점
송탄식당,한식점
산그늘식당,한식점
육공간,한식점
은하수 칡냉면,한식점
진교동찜닭,한식점
무쇠솥 뜨끈한국밥,한식점
유원옥,한식점
명품국밥,한식점
동동칼국수,한식점
시골돼지담양숯불갈비,한식점
계화동,한식점
꼭대기연탄,한식점
화덕으로간고등어,한식점
미수국밥,한식점
설가옥,한식점
인생숯불구이,한식점
싱싱회수산시장,한식점
신제주해장국,한식점
운수돈,한식점
할매솥뚜껑삼겹살,한식점
소각,한식점
암사골숯불닭갈비,한식점
먹뱅이한우,한식점
맹호수제돈까스,한식점
맛똥삼,한식점
샤브올데이,한식점
카미나리,한식점
진또배기강릉짬뽕순두부,한식점
곱도리탕 매운집,한식점
샤브몰,한식점
팔화당,한식점
고수의덮밥,한식점
을지로 연탄구이,한식점
돗간,한식점
양푼갈비스토리,한식점
김치찜 참 잘하는 집,한식점
아빠가 만든 쭈꾸미 제육,한식점
정우도누,한식점
패션감자탕,한식점
동남집,한식점
천상계,한식점
돼슐랭,한식점
일로집,한식점
북성로 석쇠불고기 우동,한식점
킹콩덮밥&볶음밥,한식점
본가 동인동매운찜갈비,한식점
하라김밥,한식점
쭈담,한식점
방촌 양고기,한식점
지푸라기동태한마리,한식점
형제회관,한식점
미락육회막국수,한식점
강포김치찜,한식점
평민닭발,한식점
뚠뚠이김밥,한식점
종착역,한식점
수라섬 장칼국수,한식점
장수리 멸치국수,한식점
마장동 고기집,한식점
문화식당,한식점
머시기쪽갈비,한식점
경성면옥,한식점
삼다진족,한식점
육가온,한식점
금수저삼겹679,한식점
두툼돈288,한식점
준삼겹프리미엄돈육,한식점
이유있는감자탕,한식점
착한초밥,한식점
한양고깃집,한식점
꾸삼,한식점
청담김치찜,한식점
팔팔미담,한식점
하미가,한식점
일월찬해장국,한식점
무한조개,한식점
리파인,한식점
제일감자탕,한식점
고래국밥1980,한식점
조선육회,한식점
바다수퍼 해물천하조개구이·찜,한식점
청춘불뼈찜 감자탕,한식점
아트오브램,한식점
우이락,한식점
고은결김밥,한식점
악마의비빔밥비빌,한식점
창영이국수집,한식점
할죽슈퍼,한식점
미미족,한식점
솥돈,한식점
닭곰탱이,한식점
불구멍,한식점
현방오백생삼겹살,한식점
유달구조개찜&고기한판,한식점
솥고집,한식점
마더락,한식점
백중기와야순두부,한식점
하태준의 효자동닭꼬치,한식점
강남미인계,한식점
쭈곱새,한식점
배달육회 육회한가득,한식점
안남순 제육찌개,한식점
고기100단 막창100단,한식점
영구찜닭,한식점
별빛가든 김치찌개&김치찜,한식점
제이브이엘 부대찌개 익스프레스,한식점
미스터김치찌개,한식점
라이진,한식점
해녀텃밭,한식점
고등어굽는고양이,한식점
김밥먹을래,한식점
제갈국밥,한식점
알마니 칼국수,한식점
유쾌한 밥도둑,한식점
米's 탕수육,한식점
오계정,한식점
여우곰탕,한식점
에월국밥,한식점
롱쓰직화불닭발,한식점
오마이갓도리,한식점
메밀당막국수,한식점
연차랑,한식점
장인복국,한식점
동방축산,한식점
계화식당,한식점
도리당,한식점
가가국밥,한식점
국민고기,한식점
개수리막국수,한식점
광안천지식당,한식점
쭈갑골,한식점
칠링,한식점
동래집,한식점
청담물갈비,한식점
낭만낙곱새,한식점
씨앤오푸드,한식점
자연에서 온 죽 앤 비빔밥,한식점
먹도리김치찜,한식점
달마설렁탕숯불갈비,한식점
방이옥,한식점
오리본능,한식점
신 쭈황,한식점
명륜정육식당,한식점
꾸꾸삼겹,한식점
삼정해장,한식점
전설의전골,한식점
수백당,한식점
돈찜플러스 순살킹,한식점
맵도니매운갈비찜,한식점
마장동 진 나주곰탕,한식점
만수미당,한식점
꼬육꼬밥,한식점
청춘불판,한식점
안주가,한식점
갑족발,한식점
황금물결해물아구찜,한식점
두레숯불갈비,한식점
마포옥고급소갈비,한식점
류별난닭발,한식점
백년무침회,한식점
식사준비,한식점
제줏간,한식점
동두천솥뚜껑삼겹살,한식점
꽃마름,한식점
본가집밥상,한식점
백억하누,한식점
대패막창,한식점
경성진갈비,한식점
그래죽,한식점
전주진국밥,한식점
기막힌한상,한식점
푸담 곱창전골,한식점
고기극찬,한식점
배달삼겹 맛있으면돼지,한식점
도시수산시장,한식점
용범양대창,한식점
마약갈비,한식점
아구좋은날,한식점
대패꽃필무렵,한식점
달빛에 구운 고등어,한식점
일호점미역,한식점
한끼덮밥,한식점
새마을찜닭,한식점
낙지공장,한식점
항정사이,한식점
오늘은 냉면&덮밥,한식점
한나네부엌,한식점
마부곱창,한식점
동리장,한식점
삼굽살,한식점
조선양평해장국,한식점
미미담,한식점
서울편백찜,한식점
계연탄,한식점
명품상무팥죽,한식점
신림춘천집,한식점
백참,한식점
창대한곱창,한식점
양주족,한식점
구팔한우,한식점
추풍정,한식점
대건명가,한식점
올더플레이트,한식점
맨도롱국수,한식점
고기에서고기까지,한식점
이정혁 계양 동태탕 동태찜,한식점
서청미역,한식점
신정만국밥,한식점
우심,한식점
정지안,한식점
동네맛집족발집,한식점
열라불라 연탄집,한식점
마포껍데기,한식점
담솥,한식점
Girin The 매운갈비찜,한식점
이춘식 명가돌곱창,한식점
소신이쏘,한식점
반궁,한식점
갈비1번가,한식점
강학구참국밥,한식점
갈비오브미,한식점
황금곱창,한식점
왕뼈사랑,한식점
더하고부대찌개,한식점
임성근 국가공인진갈비,한식점
노걸대 WITH YOU 홈외식,한식점
원플러스원 찌개&볶음,한식점
뼈대있는국밥,한식점
제주고세호해장국,한식점
쭈소반,한식점
광수육회,한식점
해주냉면,한식점
원청담면옥,한식점
신가네정읍막창구이,한식점
육백집 서울고깃집,한식점
거부기식당,한식점
명태정가,한식점
오남매 감자탕,한식점
봄이보리밥,한식점
고미꽃시래,한식점
홍게데이,한식점
불철주야,한식점
칸죽,한식점
이동규인왔따쪽갈비,한식점
혼밥대장,한식점
고기한끼,한식점
종로냄비,한식점
차돌6키로,한식점
놀부반상,한식점
부대장,한식점
김치찌개밥한그릇뚝딱,한식점
백오도찹쌀누룽지탕,한식점
소바루,한식점
마린보이 코다리1번가,한식점
고기바보,한식점
육회본가,한식점
갈통삼,한식점
대동집,한식점
생고기대학교,한식점
제주애육당,한식점
무한장소,한식점
배달삼겹 돼지되지,한식점
돈불식당,한식점
순곱궁 순대곱창전골,한식점
구동원 연탄석쇠구이,한식점
뭉꾸,한식점
애플삼겹살,한식점
어머나생고기,한식점
류가본가,한식점
송도명태,한식점
홍춘천,한식점
첨단돌솥감자탕,한식점
아바이토종순대국,한식점
박대박 왕소금구이,한식점
돈불1971,한식점
79네수육국밥,한식점
본앤본,한식점
천하제일족발,한식점
큰맘할매순대국,한식점
상돈이 비빔돼지,한식점
낙지애가,한식점
이화수전통육개장,한식점
팔당족발,한식점
보드레족,한식점
가장맛있는족발,한식점
신의주부대찌개,한식점
JD인동주마을,한식점
고봉민김밥人,한식점
마루앤국시,한식점
도천진짜순대,한식점
육칠팔찜,한식점
백정,한식점
해늘찹쌀순대,한식점
신마포갈매기,한식점
육칠팔,한식점
화화돼지왕갈비,한식점
진이찬방,한식점
솔청면옥,한식점
싱글벙글복어,한식점
김치옥,한식점
다시오고싶은집 이명숙 양평해장국,한식점
조선장터삼겹,한식점
이츠닭,한식점
빨간거 짱구네 하얀거,한식점
문어시대,한식점
SHOW-CAKE,한식점
평화국수,한식점
커브웨이,한식점
청담족발,한식점
보쌈백프로,한식점
월계수식당,한식점
시드니김치찜,한식점
편안한주방,한식점
모조리덮밥,한식점
고깃세,한식점
하누곱도리,한식점
월등한떡볶이,한식점
주당각,한식점
곱도리탕전문점,한식점
김종구부산막곱창,한식점
김종구 닭요리맛집,한식점
인생냉삼집,한식점
김종구참도시락,한식점
서울깍두기,한식점
묵향,한식점
족발킹,한식점
월등한만두,한식점
썸플엑스,한식점
1985전설의부대찌개,한식점
푸른바다찜탕,한식점
불타는냉면& 직화불고기,한식점
화려한식당,한식점
오전복,한식점
해목정,한식점
제육중독,한식점
순정치밥,한식점
그래 순살만,한식점
미쿡비빔밥,한식점
333삼겹살,한식점
꾸덕집,한식점
진리국밥,한식점
일등 게장,한식점
오늘도 쭈꾸미,한식점
성윤이네닭슈퍼,한식점
성윤슈퍼쭈꾸미닭날개,한식점
항아리닭갈비막국수,한식점
독도얼큰이,한식점
진 메밀냉면,한식점
아구찜으로승부,한식점
배테랑,한식점
메가혼밥,한식점
통큰남자 김치찜,한식점
에이플러스 아구찜·알찜,한식점
따봉찜닭,한식점
육회마왕,한식점
라께,한식점
이거예's 요거야,한식점
배병장냉면,한식점
또오리만두,한식점
고기플렉스,한식점
김치찜와썹,한식점
비에이비,한식점
샐러디팝,한식점
서울회관,한식점
곱디곱닭,한식점
직화대첩,한식점
황돈,한식점
명가삼시돼지,한식점
혼찜 혼을 담은 갈비찜,한식점
옹기닥,한식점
일타갈비삼계탕,한식점
디진다 김치찌개,한식점
하종화의 얼큰육개장,한식점
역전의 찜닭,한식점
육선생 직화제육구이,한식점
고기듬뿍 마약덮밥,한식점
여시야 불타는닭발,한식점
정아니의 여우밥상,한식점
처음본 진곰탕,한식점
청담연한옥집,한식점
호랑이 냉면,한식점
인천상륙덮글이,한식점
최부영칼국수,한식점
족발의정석,한식점
이게 곱창 볶음밥,한식점
옹치킨,한식점
경이로운아구&알곤이찜,한식점
꼬꼬댁,한식점
어천궁 돌솥매운탕,한식점
쑤뱅이토종백숙,한식점
순리대로,한식점
육회전,한식점
써든부대찌개,한식점
한곱도리,한식점
싸군카츠로,한식점
마포신갈비찜,한식점
집으로간장게장,한식점
진바배달삼겹,한식점
산더미뼈해장국,한식점
어나더닭,한식점
혼밥애찌개왕,한식점
미미스상회,한식점
명동칼국수,한식점
꾸브라덕,한식점
일미,한식점
리북관,한식점
용장어요리전문점,한식점
탕탕탕,한식점
일근이네,한식점
우양돈,한식점
진수궁중삼계탕,한식점
썸타는 쭈꾸미,한식점
잠원순대국,한식점
연쭈,한식점
원무삼,한식점
김장하는 고깃집 향산리,한식점
곽쌍동할매메밀막국수국밥,한식점
호랭이 곳간,한식점
채영진의명품생고기무한리필,한식점
꾸브라덤,한식점
해물꽃돈,한식점
산더미고기짜글이,한식점
본품삼계탕,한식점
스팀피그,한식점
아성탕,한식점
뽀까슈,한식점
수비드명가,한식점
천하무족,한식점
맵돈,한식점
강연우동태찌개,한식점
한방이면족하다,한식점
더조림,한식점
조박사 소머리국밥,한식점
송토,한식점
곱창집,한식점
윤이닭갈비,한식점
윤이수라상,한식점
꽃낙지,한식점
이든편백찜,한식점
아소정,한식점
돈십자,한식점
천년종가,한식점
팔당한옥집,한식점
부대옥,한식점
아름이네,한식점
이북만두락원,한식점
육즈비삼겹,한식점
연들,한식점
삼부식당,한식점
팔팔인생해장,한식점
뼈고집,한식점
천하무쇠삼겹,한식점
응급실포차,한식점
봉순이네 쭈꾸미,한식점
반달전집,한식점
우스타,한식점
홍이본가,한식점
연남숯불닭갈비,한식점
금도야지,한식점
별빛가로등,한식점
모래상자,한식점
동그라미식당,한식점
내일날씨맑음,한식점
낭만취객,한식점
떡가게종춘,한식점
용궁회시장,한식점
용궁야시장,한식점
해물명가,한식점
서해물총칼국수,한식점
해남해장국,한식점
토가돈,한식점
우판집,한식점
산해진미 연수동해물나라,한식점
탐나는순대돼지국밥,한식점
개수리 민물장어 막국수,한식점
셋째집,한식점
고력당,한식점
한라담,한식점
광부부대찌개,한식점
명륜진사갈비,고깃집
이차돌,고깃집
유가네,고깃집
하남돼지집,고깃집
채선당,고깃집
곱분이곱창,고깃집
놀부보쌈족발,고깃집
대구반야월막창,고깃집
막창도둑,고깃집
군자대한곱창,고깃집
생고기제작소,고깃집
대패가1900,고깃집
뿅가야채곱창,고깃집
고기원칙,고깃집
곱창고,고깃집
미진축산,고깃집
돈통마늘보쌈,고깃집
곱창이야기,고깃집
5.5닭갈비,고깃집
호우양꼬치 플러스,고깃집
육회지존,고깃집
육장갈비,고깃집
귀한족발,고깃집
승승,고깃집
돈오락쪽갈비,고깃집
뚱보집,고깃집
샤브보트,고깃집
천사곱창,고깃집
잭아저씨족발&보쌈,고깃집
만족오향족발,고깃집
달인 박경규 항아리보쌈,고깃집
하우돈곱창,고깃집
사계진미 숯불닭갈비,고깃집
오투닭갈비,고깃집
그램그램,고깃집
경성양꼬치,고깃집
샤브쌈주머니,고깃집
달구지막창,고깃집
마포곱창,고깃집
깡돈,고깃집
숙달돼지,고깃집
대구우야지막창,고깃집
태양부양꼬치,고깃집
흑돼지 삼백식당,고깃집
착한막창,고깃집
뚱뚱이할머니족발보쌈,고깃집
오늘김해생뒷고기,고깃집
철뚝집,고깃집
MH백년수갈비,고깃집
손문대구막창갈매기살,고깃집
상남자의 고소한 막창&곱창,고깃집
쟁반집8292,고깃집
불불이족발,고깃집
꼬꼬씨참숯불닭갈비,고깃집
등갈비애꼬치다,고깃집
바르미샤브샤브n칼국수,고깃집
당산오돌,고깃집
남다른대구막창,고깃집
갈매기먹짱,고깃집
샤브담,고깃집
소담애 족발보쌈,고깃집
돼지대첩,고깃집
마루샤브,고깃집
남노갈비,고깃집
용범이네인계동껍데기,고깃집
신도세기,고깃집
화레무,고깃집
삼돈이,고깃집
장인닭갈비,고깃집
김덕후의 곱창조,고깃집
보리네생고깃간,고깃집
제주까망돼지,고깃집
닭갈비제작소,고깃집
어바웃샤브,고깃집
해방곱창,고깃집
문가네정육식당,고깃집
별을 품은 곱창,고깃집
안동한우곱창,고깃집
곽두리쪽갈비,고깃집
송화삼계탕&닭갈비,고깃집
닥치고곱창,고깃집
집으로돼지&하녹김치찜,고깃집
모소리,고깃집
뿔난황소곱창,고깃집
족황상제,고깃집
코코샤브,고깃집
목우촌미소와돈,고깃집
공룡고기,고깃집
부드럽소,고깃집
두툼이생고기,고깃집
양마니순대곱창,고깃집
진배족발,고깃집
설화참숯닭갈비,고깃집
마늘은약이다 보쌈&족발,고깃집
한통(한마리 통큰)정육식당,고깃집
남자보쌈,고깃집
곱선생,고깃집
호구의 족발보쌈,고깃집
반하는보쌈&밥상,고깃집
바르미샤브칼국수,고깃집
극락돈,고깃집
우텐더,고깃집
뭐양,고깃집
곱창폭식,고깃집
큰돈쪽쪽갈비,고깃집
농부애갈비,고깃집
춘천꼬꼬닭갈비,고깃집
쎌빠,고깃집
오래오래장충동왕족발보쌈,고깃집
오라이 숯불닭갈비,고깃집
포크하우스992,고깃집
칠백집 서울껍데기,고깃집
곱창제작소,고깃집
정담은보쌈,고깃집
보승대한족발집,고깃집
황금소,고깃집
안지랑곱창막창,고깃집
제주고깃집,고깃집
순돌이네연탄집,고깃집
이동근선산곱창.막창,고깃집
세겹살,고깃집
껍데기클라쓰,고깃집
세광교대갈비집,고깃집
제주와홍돼지,고깃집
백하돼지생갈비,고깃집
고기고샵,고깃집
장충미도왕족발보쌈,고깃집
놀부유황오리진흙구이,고깃집
삼다돈,고깃집
세광교대골목집,고깃집
부자돼지,고깃집
토고리 옛날막창,고깃집
한가네숯불닭갈비,고깃집
호랭이곱창,고깃집
미스터보쌈5379,고깃집
샤브향,고깃집
놀란돼지,고깃집
놀란곱창,고깃집
닭이봉춘천닭갈비,고깃집
이삭토스트,분식점
신전떡볶이,분식점
배떡,분식점
김가네,분식점
우리할매 떡볶이,분식점
떡볶이 참 잘하는 집 떡참,분식점
김밥천국,분식점
국수나무,분식점
삼첩분식,분식점
감탄떡볶이,분식점
얌샘김밥,분식점
응급실국물떡볶이,분식점
두끼,분식점
국수나무,분식점
죠스떡볶이,분식점
태리로제떡볶이&닭강정,분식점
선비꼬마김밥,분식점
장호덕손만두,분식점
걸작떡볶이치킨,분식점
최고당 돈가스,분식점
바르다김선생,분식점
할머니가래떡볶이,분식점
신포우리만두,분식점
토마토김밥,분식점
을찌로국물떡볶이,분식점
명인만두,분식점
오마뎅,분식점
애플꼬마김밥,분식점
만복국수집,분식점
신떡순 신천할매떡볶이,분식점
스쿨푸드,분식점
무공돈까스,분식점
싸다김밥,분식점
연돈볼카츠,분식점
지지고,분식점
마몽로제떡볶이,분식점
최가네크레이지떡볶이,분식점
종로김밥,분식점
강다짐,분식점
나드리김밥,분식점
생생돈까스,분식점
토스트굽는사람들,분식점
미스터국수왕,분식점
hcs,분식점
달떡볶이,분식점
틈새라면,분식점
빨봉분식,분식점
탄탄면공방,분식점
여우애,분식점
공수간,분식점
최배달 떡순튀,분식점
정아니의불타는여고24시떡볶이,분식점
김밥일번지,분식점
심퉁즉떡,분식점
리김밥,분식점
바푸리,분식점
스참,분식점
킹스꼬마김밥,분식점
리틀꼬마김밥,분식점
밥맛나는세상,분식점
송촌꼬마김밥,분식점
심할머니안흥찐빵만두,분식점
오백국수,분식점
오떡후,분식점
박봉구가래떡볶이,분식점
청춘꼬마김밥앤떡볶이,분식점
소소떡볶이,분식점
제니로제떡볶이,분식점
분식쌀롱,분식점
스텔라떡볶이,분식점
호시타코야끼,분식점
행컵,분식점
유떡,분식점
한신우동,분식점
알떡,분식점
벌떡,분식점
호떡당,분식점
이웃집소녀떡볶이,분식점
오정은A김밥,분식점
아리가또맘마,분식점
미정국수0410,분식점
밀방떡,분식점
김밥킹,분식점
명동할머니국수,분식점
얌스,분식점
보영만두,분식점
신떡,분식점
깨봉이국물떡볶이,분식점
할매손충무김밥,분식점
호봉토스트,분식점
블랙로제,분식점
990한줄愛김밥,분식점
석관동떡볶이,분식점
채다올김밥,분식점
왕순이 주먹밥 김밥,분식점
소풍경,분식점
마리짱,분식점
디델리,분식점
청년분식,분식점
1989역전꼬마김밥,분식점
남문떡볶이,분식점
애플김밥,분식점
석바위토스트,분식점
미미고,분식점
오늘애김밥,분식점
아딸,분식점
깨순이김밥,분식점
떡작,분식점
핵떡,분식점
오별난멸치국수,분식점
밥앤동,분식점
아차산매운떡볶이,분식점
분식문방구,분식점
오마이돈카츠,분식점
떡볶당,분식점
라밥,분식점
신마녀떡볶이,분식점
정성한줄,분식점
일품해운대봉가떡볶이,분식점
본만두,분식점
달곰김밥,분식점
땡큐꼬마김밥,분식점
부송국수,분식점
킹덮,분식점
분식회사 떡심,분식점
왕돈까스&왕냉면,분식점
참 좋은 김밥천국,분식점
소담비빔국수,분식점
하나돈까스,분식점
송정동핫도그,분식점
꽈백최선생,분식점
우림칼국수,분식점
서리서리멸치국수,분식점
라이스쉐프,분식점
얼큰자매떡볶이,분식점
울타리없는만두집,분식점
파더스김밥,분식점
오떡,분식점
꾼떡,분식점
기떡찜,분식점
대림국수,분식점
아담's 꼬마김밥,분식점
닥치고 푸드,분식점
잇또라멘,분식점
로라방앗간,분식점
수김밥,분식점
성경만두요리전문점,분식점
부산면관,분식점
떡삼역,분식점
열혈분식,분식점
눈꽃치즈떡볶이,분식점
동산만두,분식점
찡찡꼬마김밥,분식점
즉석국물떡볶이 달쫀,분식점
바로그집,분식점
앙떡로제떡볶이,분식점
호랑이 떡볶이,분식점
상아김밥,분식점
치떠끼,분식점
또보겠지 떡볶이집,분식점
브라더꽈배기,분식점
인정국물떡볶이,분식점
테루,분식점
금자옛날떡볶이,분식점
떡가대표,분식점
명수네국물떡볶이,분식점
남도분식,분식점
남매컵밥,분식점
도복희상회,분식점
옆집떡볶이,분식점
훈장만두,분식점
유부부,분식점
떡보킹,분식점
왕비돈까스,분식점
우리동네 국수집,분식점
서가원김밥,분식점
더바스켓,분식점
배말칼국수김밥,분식점
진부엉이꼬마김밥,분식점
삼형제김밥,분식점
홍콩할매떡볶이,분식점
국뽕떡볶이,분식점
오진당떡볶이,분식점
열정분식소,분식점
홍스떡,분식점
신대장 떡볶이,분식점
떡볶이스타,분식점
김민성I'm넙띠기돈까스,분식점
구포국수,분식점
눈물떡볶이,분식점
킹오브떡볶이,분식점
얌샘,분식점
생강김밥,분식점
봉천동 진순자 김밥,분식점
The 청춘키친,분식점
가리미김밥,분식점
이여사나무김밥,분식점
찰스숯불김밥,분식점
또뽀끼야,분식점
떡공대,분식점
마미떡,분식점
삼진어묵당,분식점
평이담백 뼈칼국수,분식점
오로지라멘,분식점
유흥떡볶이,분식점
선릉역매운떡볶이,분식점
빨간자전거,분식점
김밥제일가,분식점
레드플레이트,분식점
데블덕떡볶이,분식점
누를황떡볶이,분식점
라나맘,분식점
삼청당,분식점
현완단겸 상추튀김,분식점
신세대꼬마김밥,분식점
칠성떡볶이,분식점
마음한줄,분식점
고소미부엌,분식점
아수라떡볶이,분식점
삼시세끼 꼬마김밥,분식점
밥앤스낵,분식점
할멈탕수육,분식점
딸부자꼬마김밥,분식점
으니의수라간,분식점
보용만두,분식점
패밀리꼬마김밥,분식점
주스에그,분식점
싸다리분식,분식점
쫄쫄맨,분식점
포탑로제떡볶이,분식점
분식제일가,분식점
국물떡볶이 텬고,분식점
해피꼬마김밥,분식점
삐사감김밥,분식점
오리엔탈101,분식점
레드신,분식점
장상궁(미니)김밥,분식점
가마솥김밥,분식점
촌빨떡볶이,분식점
응큼떡볶이,분식점
누루,분식점
미식가의우동,분식점
뿌기떡볶이,분식점
분식호랑,분식점
김바라김밥,분식점
또박꽈배기,분식점
사우나 떡볶이,분식점
꿈떡꿈떡,분식점
마뇨떡볶이,분식점
사담손만두,분식점
135튀김집,분식점
귀일,분식점
겐돈소바,분식점
로봇김밥,분식점
다다믄,분식점
스쿨스토어,분식점
칠성제면소,분식점
와이낫떡볶이,분식점
허세김밥,분식점
명가온김밥,분식점
불굴의떡볶이,분식점
아르떼로제떡볶이,분식점
아싸라비야 매운떡볶이,분식점
독수리오형제,분식점
오빠네옛날떡볶이,분식점
일우고고싱떡볶이,분식점
몬떡,분식점
마신떡볶이,분식점
오늘도꽈배기,분식점
슈퍼떡볶킹,분식점
신국 떡볶이,분식점
토스트앤후르츠,분식점
불땡국수,분식점
한국수,분식점
마리왕,분식점
김밥의진수,분식점
씨앗호떡,분식점
밀크밥버거,분식점
쉐프밀(chefmeal),분식점
릴라돈가스,분식점
방배김밥,분식점
닭꼬치그릴,분식점
키토분식,분식점
홍미단,분식점
까망종이밥,분식점
원마담떡볶이,분식점
갓만든떡볶이,분식점
월매뜨레멸치국수·초김밥,분식점
석관동 놀러오새우,분식점
브이떡볶이126,분식점
도원랑김밥,분식점
몬스터김밥,분식점
보슬보슬,분식점
더 땡초포차,분식점
바푸리쉬는시간,분식점
떡볶이몽테이너,분식점
헝그리박스,분식점
엉클장분식,분식점
김피라(kimpira),분식점
유자유김치떡볶이,분식점
마포만두,분식점
신촌깻잎떡볶이,분식점
범앗간,분식점
장칼장,분식점
한잎꼬마김밥,분식점
먹쉬돈나,분식점
떡볶이의대부,분식점
마성면우동리,분식점
1번국밥,분식점
이세상에서 가장 맛있는 떡볶이,분식점
진심왕돈까스,분식점
아빠떡볶이,분식점
평화면옥,분식점
우짜돈,분식점
배신떡볶이,분식점
노랑분식,분식점
정스닭꼬치,분식점
닭터박강정떡볶이,분식점
미월당,분식점
찐분식,분식점
미치닥떡볶이,분식점
올빼미남산왕돈까스,분식점
다리집,분식점
바로심김밥,분식점
떡불킹,분식점
분식대장,분식점
투핑거스,분식점
사이드쇼,분식점
쉐프가만든떡볶이,분식점
한입김밥,분식점
천시원 떡볶이,분식점
꽁다리분식,분식점
땅스 떡볶이,분식점
블랙마더치킨앤떡볶이,분식점
라이스타이밍,분식점
쌀롱드 떡볶이,분식점
지단분식,분식점
바른분식 도림국수,분식점
파송송계란탁,분식점
오영김밥,분식점
김밥장수,분식점
무등왕돈까스,분식점
데미그라돈까스,분식점
매송이라면,분식점
쌀국수집을하려던소바집,분식점
미소국수,분식점
오또먹고싶당,분식점
정읍옛날김밥,분식점
오숙성돈까스와국수맛있는여행,분식점
도래미슈퍼,분식점
고맛,분식점
중평떡볶이,분식점
최대섭대박김밥,분식점
복정동떡볶이,분식점
충무김밥,분식점
생생제면소,분식점
맛남의휴게소,분식점
델리칸,분식점
미스터피자&떡볶이,분식점
밀면천하,분식점
엄마손 떡볶이,분식점
미세스복희,분식점
고미고미,분식점
씨이오맵떡,분식점
선넘는 떡볶이,분식점
나의18번떡볶이,분식점
무모한 분식,분식점
이천밥쌤,분식점
떡볶이명장,분식점
서초동떡볶이,분식점
맛쟁이떡볶이,분식점
오마이김밥,분식점
오마떡,분식점
히어로 꼬마김밥,분식점
옹쎄,분식점
퍼니애그(Funny egg),분식점
신의한국수,분식점
진경순 부대꼬마김밥,분식점
불화산떡볶이,분식점
아임스틸앵그리(I'm Still Angry),분식점
어썸스낵(Awesome Snack),분식점
닷닷닷(dotdotdot),분식점
해적면,분식점
만왕,분식점
김천재의 유념떡볶이,분식점
홍콩분식,분식점
연진이네분식,분식점
더탑김밥,분식점
신난당,분식점
고고뎅빨간어묵,분식점
직화부엌직화고,분식점
영미김밥,분식점
90년생 언니네 떡볶이,분식점
홍심당,분식점
오월당,분식점
특별한만두,분식점
버거형의어쩌다떡볶이,분식점
월드와이드떡볶이,분식점
경양분식,분식점
신뚱,분식점
치코야,분식점
만두혁명,분식점
조아저씨김밥,분식점
오만봉떡,분식점
청떡,분식점
삼춘김밥,분식점
콩숙이꼬마김밥,분식점
콩나물떡볶이,분식점
빨석구떡볶이,분식점
분식상회,분식점
설밀당,분식점
행파,분식점
맛있는분식,분식점
대동분식,분식점
뼈칼,분식점
정가네 꼬마김밥,분식점
떡나라볶이,분식점
모쿠네떡볶이,분식점
학교앞떡볶이,분식점
청음떡볶이,분식점
하비순살떡볶이,분식점
장여사 나뭇잎형 만두,분식점
단당,분식점
이음떡볶이,분식점
돈까스민족,분식점
천년밀,분식점
빨강다람쥐,분식점
곰바람옛날찐빵,분식점
밥줄(BAB JOULE),분식점
도리마리,분식점
이태리분식집,분식점
장우동,분식점
황게칼국수,분식점
가온밀면,분식점
요맛나분식,분식점
메칸더김밥,분식점
우야지 분식[딜리버리],분식점
바니분식,분식점
하우스,분식점
전설의빵쟁이,분식점
휘모리 호로록떡볶이,분식점
고로버거,분식점
어떡,분식점
밀정관,분식점
아맵떡,분식점
만두올데이,분식점
올데이김밥,분식점
두떡분식 - 떡볶이와치킨&강정,분식점
1984 원조막껍집,분식점
롱쓰떡볶이,분식점
당신은지금떡볶이가땡긴다,분식점
복희;떡,분식점
투떡,분식점
정갈분식,분식점
와와씨네 덮밥,분식점
배깡정,분식점
방아떡볶이,분식점
동숙이네,분식점
맛있을만두,분식점
라라써커스분식,분식점
떡볶이먹자했자나,분식점
마빡떡볶이,분식점
떡짱분식,분식점
동대문역전떡볶이,분식점
아라치찜닭,분식점
6.25떡볶이,분식점
떡볶이농장,분식점
P.O.D 노사장 뿔뿔 떡볶이,분식점
뼈대있는김치찜,분식점
이태리떡볶이,분식점
떡감,분식점
파리떡볶이,분식점
데일리김밥,분식점
씨이오맛떡,분식점
씨이오국수,분식점
씨이오떡볶이,분식점
윤옥연할매떡볶이,분식점
에나로칼국수,분식점
정말로 맛있는 떡볶이,분식점
만나꼬마김밥,분식점
평화시장떡볶이,분식점
뚱채김밥,분식점
다수제 떡볶이,분식점
맵스 떡볶이,분식점
담쏙,분식점
삼단분식,분식점
진교떡볶이,분식점
울산쫀득이,분식점
썸타는떡볶이&닭강정,분식점
호산나떡볶이,분식점
떡보라,분식점
까만떡볶이 깜떡,분식점
성호 동성로 가래떡볶이,분식점
제이브이엘(JVL)감성떡볶이,분식점
통영청정어묵,분식점
찬란한분식떡볶이,분식점
미스터떡볶이,분식점
치코네(chicone),분식점
비범한 꼬치,분식점
안선생만두명가,분식점
갈현동할머니떡볶이,분식점
DK분식,분식점
순진분식,분식점
분식을 품다,분식점
43떡볶이,분식점
맛드림김밥나라,분식점
스타버거,분식점
내가쉐프라면,분식점
오하루,분식점
최고김밥,분식점
요미맘,분식점
메이메이식당,분식점
다르다,분식점
복순식당,분식점
분식공감,분식점
롤리볼리,분식점
노랑김밥,분식점
달떡볶이(달리는떡볶이),분식점
바른왕,분식점
팔각정,분식점
원조개금밀면,분식점
떡수르돈수르,분식점
명랑꼬마김밥,분식점
오공김밥,분식점
마초레드,분식점
꽃보다 떡볶이(꽃떡),분식점
그냥떡볶이,분식점
해방국수,분식점
만평우동,분식점
맛나분식,분식점
엉망진창 떡볶이,분식점
야미떡볶이,분식점
한끼한줄,분식점
예쁨씨 미니김밥,분식점
떡볶이는 튀김빨,분식점
동동꽈배기,분식점
장미꽃 떡볶이&라면,분식점
모락떡볶이,분식점
전민 엄마김밥,분식점
천서방김밥,분식점
떡볶이 집(ZIP),분식점
로케트분식,분식점
온복비빔국수,분식점
앵떡볶이,분식점
부산식객,분식점
신성당,분식점
떡런 로제떡볶이,분식점
꽈르띠에,분식점
토끼시장분식,분식점
놀라운떡볶이,분식점
혼닭떡볶이,분식점
신별떡볶이,분식점
박봉자 떡볶이,분식점
양호실떡볶이,분식점
면장의밥상,분식점
감자탑,분식점
떡꼬기&스테이크제트,분식점
압구정곱떡,분식점
악동통큰떡볶이,분식점
한입소반,분식점
마녀김밥,분식점
중앙칼국수,분식점
장안우동집,분식점
키테이블,분식점
달토끼의 떡볶이 흡입구역,분식점
떡슐랭,분식점
크앙분식,분식점
떡군이네떡볶이,분식점
부루스타,분식점
개념떡볶이,분식점
범표어묵,분식점
홍대마녀,분식점
분식이더치킨,분식점
마피아떡볶이,분식점
뜨돈(DD'DON),분식점
청키면가,분식점
우럼마왕만두,분식점
썸마이 떡볶이,분식점
미미당,분식점
수경수제만두,분식점
Mr타이페이,분식점
올담타코야끼,분식점
닭신발,분식점
새우에홀린떡볶이,분식점
그늘집,분식점
떡가계,분식점
신명맛나는분식,분식점
미쓰미떡볶이,분식점
팔도분식,분식점
방랑떡볶이,분식점
소중한 떡볶이,분식점
신당분식,분식점
떡싸롱 튀김의신,분식점
정답떡볶이,분식점
부대떡볶이,분식점
서울돼지구이,분식점
꼬끼오 분식,분식점
꾸분,분식점
마리야,분식점
명륜분식,분식점
지니만두,분식점
요기,분식점
서춘화닭강정,분식점
디디떡볶이,분식점
스낵얌,분식점
밀바라기,분식점
김밥친구들,분식점
별도깨비 포장맛차,분식점
우리분식,분식점
미카도스시,생선회/해물
명태어장,생선회/해물
해산물직화구이전문점삼바리,생선회/해물
바보형제쭈꾸미,생선회/해물
조가네갑오징어,생선회/해물
오징어청춘,생선회/해물
아그집쭈꾸미,생선회/해물
네모오징어,생선회/해물
홍스쭈꾸미,생선회/해물
통큰손쭈꾸미마을,생선회/해물
스시메이진,생선회/해물
오와스시,생선회/해물
황금 쭈꾸미집,생선회/해물
스시오블랙컨테이너,생선회/해물
낭만쭈꾸미,생선회/해물
스시한판,생선회/해물
불란다쭈꾸미,생선회/해물
쭈꾸미시스터즈,생선회/해물
온누리쭈꾸미,생선회/해물
낙지道家,생선회/해물
바르미스시뷔페,생선회/해물
어부홍씨물회,생선회/해물
노성일참치,생선회/해물
큰바다해물아구찜,생선회/해물
우리동네맛집 청해코다리,생선회/해물
스시어왕,생선회/해물
치라시스시,생선회/해물
영광수산,생선회/해물
탕화쿵푸마라탕,중국집
홍콩반점0410,중국집
소림마라,중국집
이비가짬뽕,중국집
라화쿵부,중국집
춘리마라탕,중국집
보배반점,중국집
탕참탕수육참잘하는집,중국집
홍짜장,중국집
짬뽕지존,중국집
마라공방,중국집
라쿵푸마라탕,중국집
홍탕,중국집
오한수우육면가,중국집
쉐프의 생 안심탕수육,중국집
야미마라탕,중국집
신룽푸마라탕,중국집
피슈 마라홍탕,중국집
텐미탕수육,중국집
도야짬뽕,중국집
마라하오,중국집
착한쭝식,중국집
브라더탕수,중국집
몬스터탕수육,중국집
마라홀릭,중국집
대한마라,중국집
리춘시장,중국집
짬뽕10101,중국집
탕수육주는육군짬뽕,중국집
마라순코우,중국집
샤오바오우육면,중국집
미미관마라탕,중국집
상상짬뽕,중국집
짬뽕상회,중국집
향리원 마라탕,중국집
마시내탕수육짜장,중국집
씨에씨에마라탕,중국집
마라천향미마라탕,중국집
이가네양꼬치,중국집
마라루,중국집
라와,중국집
교동짬뽕,중국집
짬뽕타임,중국집
홍주방,중국집
왕사탕,중국집
신미방 마라탕,중국집
취향마라,중국집
쌍팔반점,중국집
1989마라탕,중국집
니하오마라탕,중국집
전설의짬뽕,중국집
라화공방,중국집
뽕사부,중국집
환수림(桓樹林)식당,중국집
호야짬뽕1650,중국집
마라당,중국집
신마라,중국집
일일향,중국집
양도둑,중국집
라공방,중국집
라돌이마라탕,중국집
샤오당쟈,중국집
쏘핫 마라탕 마라샹궈,중국집
도쿄짬뽕0820,중국집
사미반점,중국집
손오공마라탕,중국집
큐큐면관,중국집
1키로탕수육,중국집
천라쿵푸마라탕,중국집
마라집,중국집
메이탄,중국집
로충칭마라탕,중국집
중화가정,중국집
그러지마라,중국집
공룡도배부른안심탕수육,중국집
신마라명가,중국집
짬뽕타운,중국집
역대짬뽕,중국집
불간짬뽕,중국집
불이아,중국집
츠츠허허,중국집
마라사부,중국집
아뵤오반점,중국집
오리총재,중국집
산청자매훠궈,중국집
완뽕,중국집
제레미20(Jeremie20),중국집
마라전설,중국집
쑈진즈마라탕,중국집
차알(Cha’R),중국집
노사천마라탕,중국집
태향원,중국집
이런이궈,중국집
소매점양꼬치,중국집
마라이츠마라탕,중국집
라부파마라탕,중국집
조선짬뽕,중국집
저스트마라,중국집
마라천하마라탕,중국집
마라입구,중국집
간성 동해반점,중국집
뽕도리신,중국집
달토끼짬뽕,중국집
명장반점,중국집
미스터용 차이나버거,중국집
라화방,중국집
마라365,중국집
마라야,중국집
란콰이펑누들,중국집
호호반점,중국집
중경식객,중국집
마라푸우,중국집
홍리마라탕,중국집
사해방탕수육,중국집
여기다양꼬치,중국집
마르르,중국집
짬스형퓨전짬뽕,중국집
천미방마라탕,중국집
중식명장 이송학,중국집
소고산제일루,중국집
훠룽쿵부,중국집
마라킹,중국집
신수신반점,중국집
장가게 튀김료리집,중국집
동방불패,중국집
항방양육관,중국집
청화당,중국집
짬뽕9단,중국집
진시앙,중국집
백년가짬뽕,중국집
웍스터(WOKSTER),중국집
만홍,중국집
히마이,중국집
고투웍,중국집
라홍부마라탕,중국집
마라의신,중국집
무궁화반점,중국집
신차이,중국집
이가탕수6,중국집
만추,중국집
마차이짬뽕,중국집
짬뽕갑,중국집
불난반점,중국집
무탄,중국집
발재반점,중국집
팔미엔,중국집
몸애존짜장,중국집
구구향훠궈,중국집
매란방,중국집
양궈푸마라탕,중국집
오코오코(OKOOKO),중국집
착한마라탕,중국집
미미사천마라탕,중국집
마라퀸,중국집
맛나린양꼬치,중국집
윤반점,중국집
탕수신짬뽕,중국집
돈사부뼈대잇는짬뽕,중국집
촉천하마라샹궈,중국집
취향마라 마라탕,중국집
하오하오 마라,중국집
미래식부,중국집
명객양꼬치,중국집
왕후짬뽕,중국집
현차이나,중국집
범뽕,중국집
마라섬,중국집
홍익반점,중국집
미스터뽕,중국집
이리와짬뽕,중국집
시쌘짜이,중국집
대기만성,중국집
호차오,중국집
교동짬뽕1986,중국집
불당짬뽕,중국집
유박사 차이니즈,중국집
쓰촨두보마라탕,중국집
그릭엔젤,중국집
서초동반점,중국집
란콰이퐁,중국집
한고심,중국집
하이차이,중국집
포차킹,중국집
천재짬뽕,중국집
호랑이도삭면,중국집
팔탄집,중국집
구들 마라탕,중국집
차이쿡,중국집
짜짜왕,중국집
징관청훠궈,중국집
봉호반점,중국집
미가훠궈,중국집
중화개화,중국집
짬뽕선수,중국집
춘뽕,중국집
퍼뗀숯불구이,중국집
83누들차이,중국집
라부인신마라탕,중국집
탕화방마라탕,중국집
마라쉐프,중국집
라운지목화,중국집
마라상회,중국집
서울익스프레스88,중국집
불당마라깡패,중국집
중화 요란방,중국집
팔광반점,중국집
삼미마라탕,중국집
1945짬뽕,중국집
신왕우육면,중국집
경성반점,중국집
우포차이나,중국집
대백호짬뽕,중국집
미스터마라,중국집
미스터향,중국집
중식의 큰 별,중국집
마라하오,중국집
준성이네,중국집
해남짬뽕,중국집
하얼마라,중국집
북경상회,중국집
바로반점,중국집
짬뽕올데이,중국집
차이나는중식당,중국집
양세마리,중국집
쉐프가수 최영현의 취팔러마,중국집
꿔마 꿔바로우주는마라탕,중국집
신(辛)마라부 마라탕,중국집
맛짱 마라탕,중국집
코스모짬뽕,중국집
씨이오짬뽕,중국집
려포성마라탕,중국집
초계명가,중국집
향리원 플러스,중국집
참 잘하는 짬뽕집,중국집
고불짬뽕,중국집
홍콩만찬,중국집
진미반점,중국집
산동반점,중국집
딴딴,중국집
쌀짜반점,중국집
데일리반점,중국집
정무문,중국집
마라민족,중국집
삼삼마라,중국집
신미 마라탕,중국집
추천해 꼬막짬뽕,중국집
이가 서안도삭면,중국집
짬투더뽕(짬To the뽕),중국집
홍춘마라,중국집
하얼번,중국집
말도마라,중국집
아이러브마라탕,중국집
중화객잔,중국집
용선생짬뽕,중국집
경마장돌짜장,중국집
창화루,중국집
마라1299,중국집
마마구구,중국집
가인(家人),중국집
짬뽕작전,중국집
짬뽕각,중국집
가화만사성,중국집
용산양꼬치,중국집
미미마라탕,중국집
요하마라21,중국집
코차양꼬치,중국집
인생탕수,중국집
양기와,중국집
첸사부의마라탕반,중국집
마루벤벤,중국집
오형제 반점,중국집
43 Zhouzhuang(저우장),중국집
희양양,중국집
신도원중식뷔페,중국집
팔당반점,중국집
피탕김탕,중국집
식구반점,중국집
조기종의 향미각,중국집
목천 해물화짬뽕,중국집
밀내음,중국집
럭키마라탕,중국집
홍콩식당,중국집
덕클(DUCKLE),중국집
아서원,중국집
샹츠마라,중국집
튀사부일체,중국집
마라롱,중국집
마라정사부,중국집
직진반점,중국집
홍콩익스프레스,중국집
불티나꼬막짬뽕,중국집
맛있는 짬뽕촌,중국집
설애루,중국집
짬뽕관,중국집
사송정,중국집
백미원,중국집
찐마라탕,중국집
라홍방 마라탕,중국집
탕수육본능,중국집
베리굿짬뽕돈까스,중국집
마라영웅,중국집
뽕미당,중국집
등초마라탕,중국집
장수루양꼬치,중국집
마라내음,중국집
왕양 하오하오,중국집
이만구교동짬뽕,중국집
백년교동짬뽕,중국집
안심해요탕수육,중국집
천상마라탕,중국집
효자동청와짬뽕,중국집
방실꼬,중국집
차이나볼(ChinaBowl),중국집
찐하오 마라탕,중국집
마라궁,중국집
라맛쿵부,중국집
한중관,중국집
츠판,중국집
명륜반점,중국집
무궁반점,중국집
복만천하,중국집
마라환,중국집
공화춘,중국집
신승반점,중국집
미소야,일식점
무모한 초밥,일식점
만타스시31,일식점
타코아찌 타코야끼전문점,일식점
하루엔소쿠,일식점
배터지는생동까스,일식점
물회&회덮밥8000원,일식점
동명 카츠,일식점
참다랑어 막주는 집,일식점
어부김호권의청년어부,일식점
긴자료코,일식점
경양카츠,일식점
고씨네,일식점
유미카츠,일식점
이라이타코야끼,일식점
타코이찌 타코야끼 전문점,일식점
탐나종합어시장,일식점
동경에서먹었던규동,일식점
멘야마쯔리,일식점
오니기리와이규동,일식점
상무초밥,일식점
이찌방라멘& 카츠카레,일식점
저스트텐동,일식점
남바완돈카츠,일식점
볶가,일식점
이쿠라멘,일식점
히츠지야,일식점
가츠몽,일식점
화전돈부리,일식점
일월육일,일식점
고쿠텐,일식점
기소야,일식점
코이라멘,일식점
초밥대통령,일식점
도쿄라멘,일식점
카츠백,일식점
좋은초밥,일식점
마싯는끼니,일식점
야미가,일식점
마요네즈 (mayonnaise),일식점
25센치,일식점
토리아에즈,일식점
수철이네왕새우튀김,일식점
big eye 우리동네 참치정육점,일식점
로봇초밥마켓,일식점
돈카춘,일식점
모토이시,일식점
어묵나라,일식점
은행골,일식점
카츠모리,일식점
오산조은참치,일식점
원카츠,일식점
홍대돈부리,일식점
소노야,일식점
카와루라멘,일식점
오레노카츠,일식점
온기정,일식점
보스참치(Boss Tuna),일식점
여부초밥,일식점
파스타앤우,일식점
제주쾅쾅돈가스,일식점
류센소,일식점
청연,일식점
후라토식당,일식점
규카츠정,일식점
스시화,일식점
신기소,일식점
신우성돈까스,일식점
혼다라멘,일식점
담락참치일잔,일식점
스시웨이,일식점
하코야,일식점
마케집,일식점
삼동소바,일식점
동백카츠,일식점
이자카야 게다(げた),일식점
도쿄이찌바,일식점
타코파파,일식점
카츠오모이,일식점
삼백돈돈가츠,일식점
쿠마키친(KUMA KICHEN),일식점
바른초밥,일식점
이자와,일식점
가산팔복초밥,일식점
애월연어,일식점
우애돈카츠,일식점
키햐아,일식점
카모메,일식점
뭄뭄(MUM MUM),일식점
쇼쿠지,일식점
호키네유부,일식점
키무카츠,일식점
25카츠,일식점
코코로벤또,일식점
멘찌라멘,일식점
연어집,일식점
카츠by현,일식점
유부야,일식점
스시아오,일식점
수만돈돈카츠,일식점
스시투어,일식점
엠브로돈까스,일식점
멘부리,일식점
배키욘방,일식점
스타동,일식점
신야텐야,일식점
쿠벤,일식점
수수하지만굉장해,일식점
고운라멘 (Louely Cloud),일식점
미카코카레,일식점
새벽회,일식점
스시선 회전초밥 전문점,일식점
고베규카츠,일식점
유리카모메,일식점
돈까스튀기는형,일식점
오사이초밥,일식점
호니도니,일식점
기요항(キヨ- 半),일식점
돈카와치,일식점
고칸,일식점
웅이유부,일식점
아오리의 행방불명,일식점
스시마시토,일식점
사계절카레,일식점
마카나이,일식점
고우,일식점
지구당,일식점
하즈벤(HAZBEN),일식점
무다이,일식점
요쿠야마치,일식점
마마초밥,일식점
윤초밥,일식점
오타꾸,일식점
청렴스시,일식점
스시벅스,일식점
하나샤브샤브,일식점
고레카레,일식점
멘야하나비,일식점
윤가우동,일식점
도조스시,일식점
싱싱활어천국,일식점
스구식탁,일식점
수다떠는 오징어,일식점
2in샤브,일식점
스시다이닝준,일식점
스시카츠,일식점
요이참치,일식점
은신처,일식점
두툼,일식점
사게네초밥,일식점
만고쿠,일식점
권가제면소,일식점
미친돈까스,일식점
마마도마,일식점
히메노라멘,일식점
우와,일식점
코소코소,일식점
도꼬돈카츠,일식점
야간얼큰우동,일식점
유부 빚는 마을,일식점
쇼넨,일식점
스시신조,일식점
연어아저씨,일식점
멘야유메미루,일식점
고향카츠,일식점
참치마찌,일식점
수완초밥생각,일식점
카츠공방,일식점
고고(Gogo)돈가스,일식점
하키하키(HAKI-HAKI),일식점
킨지(KINJI),일식점
키햐아,일식점
스시사쿠,일식점
우동가조쿠,일식점
오이시라멘,일식점
나베야,일식점
멘타로,일식점
유키 가츠앤텐동,일식점
맛젤 우동&볶음밥,일식점
겸손돈가스,일식점
윤부리덮밥,일식점
솔밭샤부,일식점
멘츠루,일식점
계단라멘,일식점
미미카츠,일식점
만월돈가스,일식점
육초참치,일식점
별이빛나는연어육회,일식점
북촌돈까스,일식점
무시무시(Mushi Mushi),일식점
와우스시(WOW스시 SUSHI&ROLL),일식점
돈까스에 빠지다,일식점
스아게,일식점
참치닷,일식점
스시세끼,일식점
코레와카레,일식점
한입만초밥,일식점
간코,일식점
마루요시,일식점
카가와식당,일식점
야한식당,일식점
꼬치공방,일식점
봄초밥 여름소바,일식점
1's 카츠곳간,일식점
KOKUMI,일식점
스시어왕,일식점
맛소우,일식점
진타코 진심타코야끼,일식점
101카츠,일식점
아맛나초밥,일식점
멘야세븐,일식점
우규,일식점
골든카츠,일식점
미스타교자,일식점
다이닝야경,일식점
명월카츠,일식점
키와마루아지,일식점
후토루,일식점
료미,일식점
부타이,일식점
도쿄나베,일식점
요미우돈교자,일식점
20회수산,일식점
영카츠,일식점
항아리돈까스,일식점
스시스테이션,일식점
소난다,일식점
육회왕연어해적단,일식점
아카참치,일식점
까르돈스(Cardons),일식점
오늘초밥,일식점
아랑회관,일식점
키토니,일식점
돈까스파티,일식점
쿠시마사,일식점
스시네코,일식점
겐텐,일식점
송원스키야키샤브샤브,일식점
만뽀스키야키,일식점
한냐마켓또,일식점
아리노마마,일식점
킨토토,일식점
카츠담,일식점
료혼,일식점
정동,일식점
청담오마카세,일식점
동까스1988,일식점
아름다운밤연어육회,일식점
와다라멘,일식점
아찌라멘,일식점
어부 김호권의 역전오뎅집,일식점
만조쿠가츠,일식점
휘니치로,일식점
초밥만,일식점
황금 라멘,일식점
꽃비 flower rain,일식점
카산도,일식점
치히로,일식점
미락제면1941,일식점
복미가라멘,일식점
오늘의회전초밥 오회초,일식점
카마멘우동,일식점
다이닝원,일식점
오늘도 사시미,일식점
카레공방 (Curry Workshop),일식점
만뽀,일식점
리드믹살롱,일식점
코바치(KOBACHI),일식점
가츠떡,일식점
하루플레이스,일식점
바다와,일식점
수안초밥,일식점
츠키젠(TSUKIZEN),일식점
봉황당,일식점
카네마야(kanemaya),일식점
1990야끼니꾸도쿄화로,일식점
구름카츠,일식점
스시쿠마,일식점
스시루,일식점
토리쿠,일식점
카레후카미&수제카츠,일식점
초밥의 민족,일식점
모리야,일식점
마쯔노야,일식점
참치제작소,일식점
요모야,일식점
스시테리아,일식점
만선어시장,일식점
무모회,일식점
펀피쉬,일식점
우츠와,일식점
데일리오,일식점
필살기 프리미엄 돈가츠,일식점
풍바오,일식점
호박꽃마차,일식점
우나기칸 (UNAGI KHAN),일식점
삼도숙성회,일식점
혼미HONMI,일식점
위대한카츠비,일식점
일등수제돈카츠,일식점
서초동라멘장인,일식점
카페인타코,일식점
제로밥상,일식점
유우진,일식점
훌륭회,일식점
본까쓰델리카페,일식점
샵샵,일식점
큐슈울트라아멘,일식점
낙원의 소바,일식점
와카바식당,일식점
타코랜드,일식점
오뎅또 오지상,일식점
요이벤,일식점
마키야키,일식점
오시(oshi),일식점
이키이키,일식점
오덴,일식점
오징어네,일식점
바다민족,일식점
어부장터,일식점
청년스시,일식점
어부야시장,일식점
잇츠초밥,일식점
쿠히치,일식점
카소미야,일식점
삼삼초밥,일식점
명성카츠인도쿄,일식점
초이다이닝,일식점
참치여라,일식점
돈까츠야 복돈,일식점
봄카츠,일식점
도제,일식점
스시&후라이,일식점
솔트피쉬,일식점
영타코야끼,일식점
카츠오도,일식점
불당시장,일식점
스시 테마리겐,일식점
세이샤,일식점
맛있는스시,일식점
스시오마주,일식점
벚꽃스시,일식점
도로이,일식점
카츠에 반하다,일식점
카츠와이찌,일식점
면식당,일식점
초술당,일식점
대담히,일식점
타코인카페,일식점
초밥대첩,일식점
만푸쿠,일식점
스시로야,일식점
흥도식당,일식점
후딱한끼,일식점
갑목,일식점
코끼리정,일식점
바다본,일식점
낭만스시,일식점
육회한왕,일식점
스시앤락,일식점
멘부쿠제면소,일식점
연심,일식점
호주에서 온 스시,일식점
프렌즈카레,일식점
도사정일면,일식점
야키야,일식점
압편 압구정편의점,일식점
스시바당,일식점
타코랑 꼬치랑,일식점
바사삭돈까스,일식점
우동야마이루식,일식점
후타츠,일식점
소바공방,일식점
호랭이초밥앤물회,일식점
양만장,일식점
돈돈카츠,일식점
우마이타코야끼,일식점
돈까스올데이,일식점
하나비카레,일식점
카츠남바5,일식점
호랑이식당,일식점
도쿄커틀릿,일식점
멘야카오리,일식점
구수회,일식점
잇쇼타코야끼,일식점
올데이자카야,일식점
도쿄주방,일식점
타코야끼in문어,일식점
리폴라,일식점
청정스시,일식점
대한일식,일식점
타코랜드,일식점
꾸브닝,일식점
달빛돈까스,일식점
아빠는초밥왕,일식점
씨이오초밥,일식점
씨이오카레,일식점
청연돈가스,일식점
