Data Source,World Development Indicators,,,,,,,,,,,,,,,,,,,,,,,,,,,,,,,,,,,,,,,,,,,,,,,,,,,,,,,,,,
,,,,,,,,,,,,,,,,,,,,,,,,,,,,,,,,,,,,,,,,,,,,,,,,,,,,,,,,,,,
Last Updated Date,2024-06-28,,,,,,,,,,,,,,,,,,,,,,,,,,,,,,,,,,,,,,,,,,,,,,,,,,,,,,,,,,
,,,,,,,,,,,,,,,,,,,,,,,,,,,,,,,,,,,,,,,,,,,,,,,,,,,,,,,,,,,
Country Name,Country Code,Indicator Name,Indicator Code,,2005,2006,2007,2008,2009,2010,2011,2012,2013,2014,2015,,,,,,,,,,,,,,,,,,,,,,,,,,,,,,,,,,2005,2006,2007,2008,2009,2010,2011,2012,2013,2014,2015
Aruba,ABW,"Mortality rate, infant (per 1,000 live births)",SP.DYN.IMRT.IN,,,,,,,,,,,,,,,,,,,,,,,,,,,,,,,,,,,,,,,,,,,,,,,,,,,,,,,,
Africa Eastern and Southern,AFE,"Mortality rate, infant (per 1,000 live births)",SP.DYN.IMRT.IN,,70.01817136,67.28585678,64.60789371,62.01244034,59.73133978,57.63014072,55.59498006,53.71322022,52.02814507,50.51858549,49.13706055,,,,,,,,,,,,,,,,,,,,,,,,,,,,,,,,,,70.01817136,67.28585678,64.60789371,62.01244034,59.73133978,57.63014072,55.59498006,53.71322022,52.02814507,50.51858549,49.13706055
Afghanistan,AFG,"Mortality rate, infant (per 1,000 live births)",SP.DYN.IMRT.IN,,78,75.1,72.3,69.6,67,64.6,62.3,60.1,58.1,56.2,54.6,,,,,,,,,,,,,,,,,,,,,,,,,,,,,,,,,,78,75.1,72.3,69.6,67,64.6,62.3,60.1,58.1,56.2,54.6
Africa Western and Central,AFW,"Mortality rate, infant (per 1,000 live births)",SP.DYN.IMRT.IN,,85.6584281,83.23870936,80.9359069,78.86099599,76.9727977,75.23178501,73.70951852,72.28536145,70.93596854,69.8470234,68.6722269,,,,,,,,,,,,,,,,,,,,,,,,,,,,,,,,,,85.6584281,83.23870936,80.9359069,78.86099599,76.9727977,75.23178501,73.70951852,72.28536145,70.93596854,69.8470234,68.6722269
Angola,AGO,"Mortality rate, infant (per 1,000 live births)",SP.DYN.IMRT.IN,,100.2,95.1,90,85,80,75.5,71,66.9,63.3,60.3,57.6,,,,,,,,,,,,,,,,,,,,,,,,,,,,,,,,,,100.2,95.1,90,85,80,75.5,71,66.9,63.3,60.3,57.6
Albania,ALB,"Mortality rate, infant (per 1,000 live births)",SP.DYN.IMRT.IN,,17.8,16.5,15.3,14.1,12.9,11.9,10.8,10,9.3,8.8,8.5,,,,,,,,,,,,,,,,,,,,,,,,,,,,,,,,,,17.8,16.5,15.3,14.1,12.9,11.9,10.8,10,9.3,8.8,8.5
Andorra,AND,"Mortality rate, infant (per 1,000 live births)",SP.DYN.IMRT.IN,,5.3,5.1,4.9,4.7,4.4,4.3,4.1,3.9,3.7,3.5,3.4,,,,,,,,,,,,,,,,,,,,,,,,,,,,,,,,,,5.3,5.1,4.9,4.7,4.4,4.3,4.1,3.9,3.7,3.5,3.4
Arab World,ARB,"Mortality rate, infant (per 1,000 live births)",SP.DYN.IMRT.IN,,37.35971118,36.22689661,34.94339205,33.77474649,32.67920922,31.54476316,30.6936152,30.16687064,29.45515611,28.64847169,28.04564564,,,,,,,,,,,,,,,,,,,,,,,,,,,,,,,,,,37.35971118,36.22689661,34.94339205,33.77474649,32.67920922,31.54476316,30.6936152,30.16687064,29.45515611,28.64847169,28.04564564
United Arab Emirates,ARE,"Mortality rate, infant (per 1,000 live births)",SP.DYN.IMRT.IN,,7.7,7.5,7.4,7.3,7.1,7,6.8,6.7,6.5,6.3,6.1,,,,,,,,,,,,,,,,,,,,,,,,,,,,,,,,,,7.7,7.5,7.4,7.3,7.1,7,6.8,6.7,6.5,6.3,6.1
Argentina,ARG,"Mortality rate, infant (per 1,000 live births)",SP.DYN.IMRT.IN,,15,14.5,14.1,13.8,13.4,12.9,12.4,11.9,11.4,10.9,10.5,,,,,,,,,,,,,,,,,,,,,,,,,,,,,,,,,,15,14.5,14.1,13.8,13.4,12.9,12.4,11.9,11.4,10.9,10.5
Armenia,ARM,"Mortality rate, infant (per 1,000 live births)",SP.DYN.IMRT.IN,,21.2,20.2,19.2,18.3,17.4,16.6,15.8,15,14.3,13.6,12.9,,,,,,,,,,,,,,,,,,,,,,,,,,,,,,,,,,21.2,20.2,19.2,18.3,17.4,16.6,15.8,15,14.3,13.6,12.9
American Samoa,ASM,"Mortality rate, infant (per 1,000 live births)",SP.DYN.IMRT.IN,,,,,,,,,,,,,,,,,,,,,,,,,,,,,,,,,,,,,,,,,,,,,,,,,,,,,,,,
Antigua and Barbuda,ATG,"Mortality rate, infant (per 1,000 live births)",SP.DYN.IMRT.IN,,11,10.8,10.5,10.3,10.1,10,9.8,9.6,9.5,9.4,9.2,,,,,,,,,,,,,,,,,,,,,,,,,,,,,,,,,,11,10.8,10.5,10.3,10.1,10,9.8,9.6,9.5,9.4,9.2
Australia,AUS,"Mortality rate, infant (per 1,000 live births)",SP.DYN.IMRT.IN,,4.8,4.7,4.5,4.4,4.2,4,3.8,3.6,3.5,3.4,3.3,,,,,,,,,,,,,,,,,,,,,,,,,,,,,,,,,,4.8,4.7,4.5,4.4,4.2,4,3.8,3.6,3.5,3.4,3.3
Austria,AUT,"Mortality rate, infant (per 1,000 live births)",SP.DYN.IMRT.IN,,4.1,4,3.9,3.8,3.7,3.6,3.5,3.3,3.2,3.1,3.1,,,,,,,,,,,,,,,,,,,,,,,,,,,,,,,,,,4.1,4,3.9,3.8,3.7,3.6,3.5,3.3,3.2,3.1,3.1
Azerbaijan,AZE,"Mortality rate, infant (per 1,000 live births)",SP.DYN.IMRT.IN,,44.3,41.7,39.3,37,34.8,32.7,30.7,28.8,26.9,25.2,23.6,,,,,,,,,,,,,,,,,,,,,,,,,,,,,,,,,,44.3,41.7,39.3,37,34.8,32.7,30.7,28.8,26.9,25.2,23.6
Burundi,BDI,"Mortality rate, infant (per 1,000 live births)",SP.DYN.IMRT.IN,,78.1,74.1,70,66.2,62.6,59.2,56.1,53.2,50.5,48.1,46,,,,,,,,,,,,,,,,,,,,,,,,,,,,,,,,,,78.1,74.1,70,66.2,62.6,59.2,56.1,53.2,50.5,48.1,46
Belgium,BEL,"Mortality rate, infant (per 1,000 live births)",SP.DYN.IMRT.IN,,4.1,4,3.9,3.8,3.8,3.7,3.6,3.5,3.5,3.4,3.4,,,,,,,,,,,,,,,,,,,,,,,,,,,,,,,,,,4.1,4,3.9,3.8,3.8,3.7,3.6,3.5,3.5,3.4,3.4
Benin,BEN,"Mortality rate, infant (per 1,000 live births)",SP.DYN.IMRT.IN,,76.3,74.8,73.4,72,70.7,69.4,68.1,66.8,65.5,64.3,63,,,,,,,,,,,,,,,,,,,,,,,,,,,,,,,,,,76.3,74.8,73.4,72,70.7,69.4,68.1,66.8,65.5,64.3,63
Burkina Faso,BFA,"Mortality rate, infant (per 1,000 live births)",SP.DYN.IMRT.IN,,80.4,77.7,75.1,72.5,70.2,68,66,64.2,62.5,61,59.4,,,,,,,,,,,,,,,,,,,,,,,,,,,,,,,,,,80.4,77.7,75.1,72.5,70.2,68,66,64.2,62.5,61,59.4
Bangladesh,BGD,"Mortality rate, infant (per 1,000 live births)",SP.DYN.IMRT.IN,,49.3,47,44.8,42.7,40.7,38.9,37.2,35.6,34.1,32.7,31.4,,,,,,,,,,,,,,,,,,,,,,,,,,,,,,,,,,49.3,47,44.8,42.7,40.7,38.9,37.2,35.6,34.1,32.7,31.4
Bulgaria,BGR,"Mortality rate, infant (per 1,000 live births)",SP.DYN.IMRT.IN,,11,10.4,9.9,9.6,9.3,9,8.7,8.2,7.7,7.3,6.8,,,,,,,,,,,,,,,,,,,,,,,,,,,,,,,,,,11,10.4,9.9,9.6,9.3,9,8.7,8.2,7.7,7.3,6.8
Bahrain,BHR,"Mortality rate, infant (per 1,000 live births)",SP.DYN.IMRT.IN,,9.1,8.8,8.5,8.1,7.8,7.4,7.2,7,6.8,6.6,6.5,,,,,,,,,,,,,,,,,,,,,,,,,,,,,,,,,,9.1,8.8,8.5,8.1,7.8,7.4,7.2,7,6.8,6.6,6.5
"Bahamas, The",BHS,"Mortality rate, infant (per 1,000 live births)",SP.DYN.IMRT.IN,,14.4,14.3,14.2,13.9,13.6,13.3,13,12.7,12.4,12.2,12,,,,,,,,,,,,,,,,,,,,,,,,,,,,,,,,,,14.4,14.3,14.2,13.9,13.6,13.3,13,12.7,12.4,12.2,12
Bosnia and Herzegovina,BIH,"Mortality rate, infant (per 1,000 live births)",SP.DYN.IMRT.IN,,6.5,6.3,6.2,6.1,6,5.8,5.7,5.7,5.6,5.5,5.5,,,,,,,,,,,,,,,,,,,,,,,,,,,,,,,,,,6.5,6.3,6.2,6.1,6,5.8,5.7,5.7,5.6,5.5,5.5
Belarus,BLR,"Mortality rate, infant (per 1,000 live births)",SP.DYN.IMRT.IN,,6.7,6.2,5.6,5.1,4.7,4.3,4,3.7,3.5,3.3,3.1,,,,,,,,,,,,,,,,,,,,,,,,,,,,,,,,,,6.7,6.2,5.6,5.1,4.7,4.3,4,3.7,3.5,3.3,3.1
Belize,BLZ,"Mortality rate, infant (per 1,000 live births)",SP.DYN.IMRT.IN,,17.8,17.4,17.1,16.8,16.4,16.1,15.6,15.2,14.7,14.1,13.5,,,,,,,,,,,,,,,,,,,,,,,,,,,,,,,,,,17.8,17.4,17.1,16.8,16.4,16.1,15.6,15.2,14.7,14.1,13.5
Bermuda,BMU,"Mortality rate, infant (per 1,000 live births)",SP.DYN.IMRT.IN,,,,,,,,,,,,,,,,,,,,,,,,,,,,,,,,,,,,,,,,,,,,,,,,,,,,,,,,
Bolivia,BOL,"Mortality rate, infant (per 1,000 live births)",SP.DYN.IMRT.IN,,43.3,41.1,39,37,35.1,33.3,31.6,30,28.5,27,25.8,,,,,,,,,,,,,,,,,,,,,,,,,,,,,,,,,,43.3,41.1,39,37,35.1,33.3,31.6,30,28.5,27,25.8
Brazil,BRA,"Mortality rate, infant (per 1,000 live births)",SP.DYN.IMRT.IN,,22,20.6,19.4,18.4,17.4,16.6,16,15.4,14.9,14.5,14.2,,,,,,,,,,,,,,,,,,,,,,,,,,,,,,,,,,22,20.6,19.4,18.4,17.4,16.6,16,15.4,14.9,14.5,14.2
Barbados,BRB,"Mortality rate, infant (per 1,000 live births)",SP.DYN.IMRT.IN,,14.1,14,13.8,13.6,13.5,13.3,13.1,13,12.8,12.6,12.4,,,,,,,,,,,,,,,,,,,,,,,,,,,,,,,,,,14.1,14,13.8,13.6,13.5,13.3,13.1,13,12.8,12.6,12.4
Brunei Darussalam,BRN,"Mortality rate, infant (per 1,000 live births)",SP.DYN.IMRT.IN,,7.8,7.9,7.9,8,8.1,8.1,8.2,8.3,8.4,8.5,8.5,,,,,,,,,,,,,,,,,,,,,,,,,,,,,,,,,,7.8,7.9,7.9,8,8.1,8.1,8.2,8.3,8.4,8.5,8.5
Bhutan,BTN,"Mortality rate, infant (per 1,000 live births)",SP.DYN.IMRT.IN,,44.4,41.7,39.3,36.9,34.6,32.6,30.7,29.1,27.8,26.6,25.5,,,,,,,,,,,,,,,,,,,,,,,,,,,,,,,,,,44.4,41.7,39.3,36.9,34.6,32.6,30.7,29.1,27.8,26.6,25.5
Botswana,BWA,"Mortality rate, infant (per 1,000 live births)",SP.DYN.IMRT.IN,,39.9,41,44.1,45.7,45.3,45.6,46.2,42.2,40.4,40.3,38.9,,,,,,,,,,,,,,,,,,,,,,,,,,,,,,,,,,39.9,41,44.1,45.7,45.3,45.6,46.2,42.2,40.4,40.3,38.9
Central African Republic,CAF,"Mortality rate, infant (per 1,000 live births)",SP.DYN.IMRT.IN,,100,97.7,95.8,94.1,92.2,90.5,88.8,87.3,86.4,84.8,83.3,,,,,,,,,,,,,,,,,,,,,,,,,,,,,,,,,,100,97.7,95.8,94.1,92.2,90.5,88.8,87.3,86.4,84.8,83.3
Canada,CAN,"Mortality rate, infant (per 1,000 live births)",SP.DYN.IMRT.IN,,5.2,5.2,5.1,5.1,5,5,4.9,4.8,4.8,4.7,4.7,,,,,,,,,,,,,,,,,,,,,,,,,,,,,,,,,,5.2,5.2,5.1,5.1,5,5,4.9,4.8,4.8,4.7,4.7
Central Europe and the Baltics,CEB,"Mortality rate, infant (per 1,000 live births)",SP.DYN.IMRT.IN,,8.458640497,7.923676957,7.387344875,6.976707061,6.610925744,6.171280333,5.875296068,5.617650377,5.323765744,5.090170541,4.883225174,,,,,,,,,,,,,,,,,,,,,,,,,,,,,,,,,,8.458640497,7.923676957,7.387344875,6.976707061,6.610925744,6.171280333,5.875296068,5.617650377,5.323765744,5.090170541,4.883225174
Switzerland,CHE,"Mortality rate, infant (per 1,000 live births)",SP.DYN.IMRT.IN,,4.3,4.2,4.1,4,4,3.9,3.9,3.8,3.8,3.7,3.7,,,,,,,,,,,,,,,,,,,,,,,,,,,,,,,,,,4.3,4.2,4.1,4,4,3.9,3.9,3.8,3.8,3.7,3.7
Channel Islands,CHI,"Mortality rate, infant (per 1,000 live births)",SP.DYN.IMRT.IN,,,,,,,,,,,,,,,,,,,,,,,,,,,,,,,,,,,,,,,,,,,,,,,,,,,,,,,,
Chile,CHL,"Mortality rate, infant (per 1,000 live births)",SP.DYN.IMRT.IN,,7.8,7.7,7.6,7.6,7.6,7.5,7.3,7.2,7.1,7,6.8,,,,,,,,,,,,,,,,,,,,,,,,,,,,,,,,,,7.8,7.7,7.6,7.6,7.6,7.5,7.3,7.2,7.1,7,6.8
China,CHN,"Mortality rate, infant (per 1,000 live births)",SP.DYN.IMRT.IN,,19.4,17.7,16.1,14.8,13.6,12.5,11.5,10.5,9.7,8.9,8.2,,,,,,,,,,,,,,,,,,,,,,,,,,,,,,,,,,19.4,17.7,16.1,14.8,13.6,12.5,11.5,10.5,9.7,8.9,8.2
Cote d'Ivoire,CIV,"Mortality rate, infant (per 1,000 live births)",SP.DYN.IMRT.IN,,83.3,81.2,78.8,76.5,74.3,72.3,70.5,68.6,66.6,64.7,62.9,,,,,,,,,,,,,,,,,,,,,,,,,,,,,,,,,,83.3,81.2,78.8,76.5,74.3,72.3,70.5,68.6,66.6,64.7,62.9
Cameroon,CMR,"Mortality rate, infant (per 1,000 live births)",SP.DYN.IMRT.IN,,78.3,76.4,74.8,72.9,71.3,68.8,66.8,64.5,62,60.1,57.8,,,,,,,,,,,,,,,,,,,,,,,,,,,,,,,,,,78.3,76.4,74.8,72.9,71.3,68.8,66.8,64.5,62,60.1,57.8
"Congo, Dem. Rep.",COD,"Mortality rate, infant (per 1,000 live births)",SP.DYN.IMRT.IN,,95.2,92.8,90.4,88,85.7,83.4,81.2,78.9,76.7,74.6,72.8,,,,,,,,,,,,,,,,,,,,,,,,,,,,,,,,,,95.2,92.8,90.4,88,85.7,83.4,81.2,78.9,76.7,74.6,72.8
"Congo, Rep.",COG,"Mortality rate, infant (per 1,000 live births)",SP.DYN.IMRT.IN,,56.7,53.1,49.8,47,44.9,43.2,41.9,40.8,39.8,38.8,37.8,,,,,,,,,,,,,,,,,,,,,,,,,,,,,,,,,,56.7,53.1,49.8,47,44.9,43.2,41.9,40.8,39.8,38.8,37.8
Colombia,COL,"Mortality rate, infant (per 1,000 live births)",SP.DYN.IMRT.IN,,18.3,17.8,17.3,16.8,16.2,15.7,15.2,14.8,14.3,13.8,13.4,,,,,,,,,,,,,,,,,,,,,,,,,,,,,,,,,,18.3,17.8,17.3,16.8,16.2,15.7,15.2,14.8,14.3,13.8,13.4
Comoros,COM,"Mortality rate, infant (per 1,000 live births)",SP.DYN.IMRT.IN,,62.3,60.7,59.2,57.6,56.1,54.6,53.1,51.6,50.2,48.8,47.3,,,,,,,,,,,,,,,,,,,,,,,,,,,,,,,,,,62.3,60.7,59.2,57.6,56.1,54.6,53.1,51.6,50.2,48.8,47.3
Cabo Verde,CPV,"Mortality rate, infant (per 1,000 live births)",SP.DYN.IMRT.IN,,22.8,22.8,22.8,22.6,22.1,21.4,20.5,19.4,18.2,16.9,15.7,,,,,,,,,,,,,,,,,,,,,,,,,,,,,,,,,,22.8,22.8,22.8,22.6,22.1,21.4,20.5,19.4,18.2,16.9,15.7
Costa Rica,CRI,"Mortality rate, infant (per 1,000 live births)",SP.DYN.IMRT.IN,,9.8,9.7,9.6,9.5,9.4,9.2,8.9,8.6,8.2,7.9,7.7,,,,,,,,,,,,,,,,,,,,,,,,,,,,,,,,,,9.8,9.7,9.6,9.5,9.4,9.2,8.9,8.6,8.2,7.9,7.7
Caribbean small states,CSS,"Mortality rate, infant (per 1,000 live births)",SP.DYN.IMRT.IN,,22.97295708,22.6640679,22.18483677,21.67697449,21.2373052,20.98020194,20.60282891,20.18003799,19.89772361,19.36145549,18.96076375,,,,,,,,,,,,,,,,,,,,,,,,,,,,,,,,,,22.97295708,22.6640679,22.18483677,21.67697449,21.2373052,20.98020194,20.60282891,20.18003799,19.89772361,19.36145549,18.96076375
Cuba,CUB,"Mortality rate, infant (per 1,000 live births)",SP.DYN.IMRT.IN,,5.6,5.4,5.3,5.1,5,4.9,4.8,4.8,4.7,4.8,4.8,,,,,,,,,,,,,,,,,,,,,,,,,,,,,,,,,,5.6,5.4,5.3,5.1,5,4.9,4.8,4.8,4.7,4.8,4.8
Curacao,CUW,"Mortality rate, infant (per 1,000 live births)",SP.DYN.IMRT.IN,,,,,,,,,,,,,,,,,,,,,,,,,,,,,,,,,,,,,,,,,,,,,,,,,,,,,,,,
Cayman Islands,CYM,"Mortality rate, infant (per 1,000 live births)",SP.DYN.IMRT.IN,,,,,,,,,,,,,,,,,,,,,,,,,,,,,,,,,,,,,,,,,,,,,,,,,,,,,,,,
Cyprus,CYP,"Mortality rate, infant (per 1,000 live births)",SP.DYN.IMRT.IN,,3.9,3.7,3.4,3.2,3,2.8,2.6,2.5,2.4,2.4,2.4,,,,,,,,,,,,,,,,,,,,,,,,,,,,,,,,,,3.9,3.7,3.4,3.2,3,2.8,2.6,2.5,2.4,2.4,2.4
Czechia,CZE,"Mortality rate, infant (per 1,000 live births)",SP.DYN.IMRT.IN,,3.6,3.4,3.2,3,2.9,2.7,2.6,2.6,2.5,2.5,2.6,,,,,,,,,,,,,,,,,,,,,,,,,,,,,,,,,,3.6,3.4,3.2,3,2.9,2.7,2.6,2.6,2.5,2.5,2.6
Germany,DEU,"Mortality rate, infant (per 1,000 live births)",SP.DYN.IMRT.IN,,3.9,3.8,3.7,3.6,3.5,3.5,3.4,3.4,3.3,3.3,3.3,,,,,,,,,,,,,,,,,,,,,,,,,,,,,,,,,,3.9,3.8,3.7,3.6,3.5,3.5,3.4,3.4,3.3,3.3,3.3
Djibouti,DJI,"Mortality rate, infant (per 1,000 live births)",SP.DYN.IMRT.IN,,70.7,69,67.2,65.5,63.7,62,60.4,58.8,57.2,55.7,54.2,,,,,,,,,,,,,,,,,,,,,,,,,,,,,,,,,,70.7,69,67.2,65.5,63.7,62,60.4,58.8,57.2,55.7,54.2
Dominica,DMA,"Mortality rate, infant (per 1,000 live births)",SP.DYN.IMRT.IN,,18.1,18.7,19.3,20,20.7,21.5,22.3,23.1,23.9,24.8,25.6,,,,,,,,,,,,,,,,,,,,,,,,,,,,,,,,,,18.1,18.7,19.3,20,20.7,21.5,22.3,23.1,23.9,24.8,25.6
Denmark,DNK,"Mortality rate, infant (per 1,000 live births)",SP.DYN.IMRT.IN,,4.1,3.9,3.8,3.6,3.6,3.5,3.5,3.5,3.5,3.5,3.5,,,,,,,,,,,,,,,,,,,,,,,,,,,,,,,,,,4.1,3.9,3.8,3.6,3.6,3.5,3.5,3.5,3.5,3.5,3.5
Dominican Republic,DOM,"Mortality rate, infant (per 1,000 live births)",SP.DYN.IMRT.IN,,29.7,29.4,29.2,29.1,29,28.9,28.8,28.8,28.8,28.8,28.8,,,,,,,,,,,,,,,,,,,,,,,,,,,,,,,,,,29.7,29.4,29.2,29.1,29,28.9,28.8,28.8,28.8,28.8,28.8
Algeria,DZA,"Mortality rate, infant (per 1,000 live births)",SP.DYN.IMRT.IN,,29,27.8,26.6,25.6,24.7,23.9,23.3,22.8,22.4,22,21.7,,,,,,,,,,,,,,,,,,,,,,,,,,,,,,,,,,29,27.8,26.6,25.6,24.7,23.9,23.3,22.8,22.4,22,21.7
East Asia & Pacific (excluding high income),EAP,"Mortality rate, infant (per 1,000 live births)",SP.DYN.IMRT.IN,,24.28871616,22.86170826,21.48217278,20.6261329,19.10696307,18.09912123,17.20187346,16.03022102,15.40516247,14.55566875,14.10330113,,,,,,,,,,,,,,,,,,,,,,,,,,,,,,,,,,24.28871616,22.86170826,21.48217278,20.6261329,19.10696307,18.09912123,17.20187346,16.03022102,15.40516247,14.55566875,14.10330113
Early-demographic dividend,EAR,"Mortality rate, infant (per 1,000 live births)",SP.DYN.IMRT.IN,,48.90461516,47.09902187,45.37907651,43.8546602,42.00665243,40.47630916,38.80492758,37.27369745,35.81066791,34.30804609,32.97013982,,,,,,,,,,,,,,,,,,,,,,,,,,,,,,,,,,48.90461516,47.09902187,45.37907651,43.8546602,42.00665243,40.47630916,38.80492758,37.27369745,35.81066791,34.30804609,32.97013982
East Asia & Pacific,EAS,"Mortality rate, infant (per 1,000 live births)",SP.DYN.IMRT.IN,,23,21.6,20.4,19.5,18.1,17.2,16.3,15.3,14.7,13.9,13.4,,,,,,,,,,,,,,,,,,,,,,,,,,,,,,,,,,23,21.6,20.4,19.5,18.1,17.2,16.3,15.3,14.7,13.9,13.4
Europe & Central Asia (excluding high income),ECA,"Mortality rate, infant (per 1,000 live births)",SP.DYN.IMRT.IN,,26.20288577,24.61590375,23.23288466,21.80468688,20.50353163,19.38188169,18.24122826,17.17750208,16.28344905,15.45980899,14.72556523,,,,,,,,,,,,,,,,,,,,,,,,,,,,,,,,,,26.20288577,24.61590375,23.23288466,21.80468688,20.50353163,19.38188169,18.24122826,17.17750208,16.28344905,15.45980899,14.72556523
Europe & Central Asia,ECS,"Mortality rate, infant (per 1,000 live births)",SP.DYN.IMRT.IN,,13.2,12.5,11.8,11.2,10.7,10.1,9.7,9.3,9,8.6,8.3,,,,,,,,,,,,,,,,,,,,,,,,,,,,,,,,,,13.2,12.5,11.8,11.2,10.7,10.1,9.7,9.3,9,8.6,8.3
Ecuador,ECU,"Mortality rate, infant (per 1,000 live births)",SP.DYN.IMRT.IN,,19.9,19.1,18.4,17.6,16.9,16.2,15.5,14.8,14.2,13.7,13.2,,,,,,,,,,,,,,,,,,,,,,,,,,,,,,,,,,19.9,19.1,18.4,17.6,16.9,16.2,15.5,14.8,14.2,13.7,13.2
"Egypt, Arab Rep.",EGY,"Mortality rate, infant (per 1,000 live births)",SP.DYN.IMRT.IN,,29.4,28.2,27.1,26,25,24,23,22.1,21.3,20.5,19.7,,,,,,,,,,,,,,,,,,,,,,,,,,,,,,,,,,29.4,28.2,27.1,26,25,24,23,22.1,21.3,20.5,19.7
Euro area,EMU,"Mortality rate, infant (per 1,000 live births)",SP.DYN.IMRT.IN,,3.902685922,3.796902121,3.675187552,3.571088349,3.462365787,3.411299297,3.320801932,3.266785711,3.217349769,3.193441002,3.197149577,,,,,,,,,,,,,,,,,,,,,,,,,,,,,,,,,,3.902685922,3.796902121,3.675187552,3.571088349,3.462365787,3.411299297,3.320801932,3.266785711,3.217349769,3.193441002,3.197149577
Eritrea,ERI,"Mortality rate, infant (per 1,000 live births)",SP.DYN.IMRT.IN,,46.2,44.6,43.1,41.7,40.3,39.1,38,37,36,35,34.1,,,,,,,,,,,,,,,,,,,,,,,,,,,,,,,,,,46.2,44.6,43.1,41.7,40.3,39.1,38,37,36,35,34.1
Spain,ESP,"Mortality rate, infant (per 1,000 live births)",SP.DYN.IMRT.IN,,3.8,3.7,3.6,3.4,3.3,3.2,3,2.9,2.9,2.8,2.8,,,,,,,,,,,,,,,,,,,,,,,,,,,,,,,,,,3.8,3.7,3.6,3.4,3.3,3.2,3,2.9,2.9,2.8,2.8
Estonia,EST,"Mortality rate, infant (per 1,000 live births)",SP.DYN.IMRT.IN,,5.6,5.1,4.7,4.3,3.9,3.6,3.3,3.1,2.8,2.6,2.4,,,,,,,,,,,,,,,,,,,,,,,,,,,,,,,,,,5.6,5.1,4.7,4.3,3.9,3.6,3.3,3.1,2.8,2.6,2.4
Ethiopia,ETH,"Mortality rate, infant (per 1,000 live births)",SP.DYN.IMRT.IN,,69.8,66.4,63.1,60.1,57.2,54.6,52.1,49.7,47.5,45.5,43.6,,,,,,,,,,,,,,,,,,,,,,,,,,,,,,,,,,69.8,66.4,63.1,60.1,57.2,54.6,52.1,49.7,47.5,45.5,43.6
European Union,EUU,"Mortality rate, infant (per 1,000 live births)",SP.DYN.IMRT.IN,,4.867803752,4.66978826,4.469388588,4.315959788,4.162491083,4.00595983,3.856129118,3.761594223,3.655209487,3.59092183,3.546700973,,,,,,,,,,,,,,,,,,,,,,,,,,,,,,,,,,4.867803752,4.66978826,4.469388588,4.315959788,4.162491083,4.00595983,3.856129118,3.761594223,3.655209487,3.59092183,3.546700973
Fragile and conflict affected situations,FCS,"Mortality rate, infant (per 1,000 live births)",SP.DYN.IMRT.IN,,74.23372604,72.00851058,69.81209199,68.24161499,66.00339935,64.61058687,62.86557666,61.57343183,60.27238734,59.14321548,58.10681892,,,,,,,,,,,,,,,,,,,,,,,,,,,,,,,,,,74.23372604,72.00851058,69.81209199,68.24161499,66.00339935,64.61058687,62.86557666,61.57343183,60.27238734,59.14321548,58.10681892
Finland,FIN,"Mortality rate, infant (per 1,000 live births)",SP.DYN.IMRT.IN,,3.1,3,2.8,2.7,2.6,2.5,2.3,2.2,2.2,2.1,2,,,,,,,,,,,,,,,,,,,,,,,,,,,,,,,,,,3.1,3,2.8,2.7,2.6,2.5,2.3,2.2,2.2,2.1,2
Fiji,FJI,"Mortality rate, infant (per 1,000 live births)",SP.DYN.IMRT.IN,,19.8,19.9,19.9,19.7,19.3,18.9,18.4,18.1,17.9,17.9,18.2,,,,,,,,,,,,,,,,,,,,,,,,,,,,,,,,,,19.8,19.9,19.9,19.7,19.3,18.9,18.4,18.1,17.9,17.9,18.2
France,FRA,"Mortality rate, infant (per 1,000 live births)",SP.DYN.IMRT.IN,,3.3,3.3,3.2,3.2,3.1,3.1,3.1,3.1,3.1,3.1,3.2,,,,,,,,,,,,,,,,,,,,,,,,,,,,,,,,,,3.3,3.3,3.2,3.2,3.1,3.1,3.1,3.1,3.1,3.1,3.2
Faroe Islands,FRO,"Mortality rate, infant (per 1,000 live births)",SP.DYN.IMRT.IN,,,,,,,,,,,,,,,,,,,,,,,,,,,,,,,,,,,,,,,,,,,,,,,,,,,,,,,,
"Micronesia, Fed. Sts.",FSM,"Mortality rate, infant (per 1,000 live births)",SP.DYN.IMRT.IN,,29.7,29.7,29.7,29.5,29.1,28.6,28,27.4,26.7,26,25.3,,,,,,,,,,,,,,,,,,,,,,,,,,,,,,,,,,29.7,29.7,29.7,29.5,29.1,28.6,28,27.4,26.7,26,25.3
Gabon,GAB,"Mortality rate, infant (per 1,000 live births)",SP.DYN.IMRT.IN,,47.7,46.6,45.1,43.9,43,41.5,40.1,38.8,37.5,36.6,35.4,,,,,,,,,,,,,,,,,,,,,,,,,,,,,,,,,,47.7,46.6,45.1,43.9,43,41.5,40.1,38.8,37.5,36.6,35.4
United Kingdom,GBR,"Mortality rate, infant (per 1,000 live births)",SP.DYN.IMRT.IN,,5.1,5,4.9,4.8,4.6,4.4,4.3,4.1,4,3.9,3.9,,,,,,,,,,,,,,,,,,,,,,,,,,,,,,,,,,5.1,5,4.9,4.8,4.6,4.4,4.3,4.1,4,3.9,3.9
Georgia,GEO,"Mortality rate, infant (per 1,000 live births)",SP.DYN.IMRT.IN,,20.9,18.9,17,15.3,13.9,12.6,11.6,10.8,10.2,9.7,9.3,,,,,,,,,,,,,,,,,,,,,,,,,,,,,,,,,,20.9,18.9,17,15.3,13.9,12.6,11.6,10.8,10.2,9.7,9.3
Ghana,GHA,"Mortality rate, infant (per 1,000 live births)",SP.DYN.IMRT.IN,,55.1,53.8,52.4,50.9,49.2,47.3,45.5,43.8,42.1,40.6,39.2,,,,,,,,,,,,,,,,,,,,,,,,,,,,,,,,,,55.1,53.8,52.4,50.9,49.2,47.3,45.5,43.8,42.1,40.6,39.2
Gibraltar,GIB,"Mortality rate, infant (per 1,000 live births)",SP.DYN.IMRT.IN,,,,,,,,,,,,,,,,,,,,,,,,,,,,,,,,,,,,,,,,,,,,,,,,,,,,,,,,
Guinea,GIN,"Mortality rate, infant (per 1,000 live births)",SP.DYN.IMRT.IN,,85.1,82.9,81,79.4,78,76.7,75.5,74.3,73.2,72.7,71.7,,,,,,,,,,,,,,,,,,,,,,,,,,,,,,,,,,85.1,82.9,81,79.4,78,76.7,75.5,74.3,73.2,72.7,71.7
"Gambia, The",GMB,"Mortality rate, infant (per 1,000 live births)",SP.DYN.IMRT.IN,,53,51.4,49.9,48.4,47,45.6,44.3,43.1,41.9,40.7,39.5,,,,,,,,,,,,,,,,,,,,,,,,,,,,,,,,,,53,51.4,49.9,48.4,47,45.6,44.3,43.1,41.9,40.7,39.5
Guinea-Bissau,GNB,"Mortality rate, infant (per 1,000 live births)",SP.DYN.IMRT.IN,,89.3,86,82.6,79.2,75.8,72.6,69.5,66.7,64.2,62,60,,,,,,,,,,,,,,,,,,,,,,,,,,,,,,,,,,89.3,86,82.6,79.2,75.8,72.6,69.5,66.7,64.2,62,60
Equatorial Guinea,GNQ,"Mortality rate, infant (per 1,000 live births)",SP.DYN.IMRT.IN,,93.2,90.3,87.3,84.4,81.7,79,76.7,74.4,72.1,69.9,67.8,,,,,,,,,,,,,,,,,,,,,,,,,,,,,,,,,,93.2,90.3,87.3,84.4,81.7,79,76.7,74.4,72.1,69.9,67.8
Greece,GRC,"Mortality rate, infant (per 1,000 live births)",SP.DYN.IMRT.IN,,3.9,3.7,3.5,3.4,3.4,3.3,3.4,3.4,3.5,3.5,3.6,,,,,,,,,,,,,,,,,,,,,,,,,,,,,,,,,,3.9,3.7,3.5,3.4,3.4,3.3,3.4,3.4,3.5,3.5,3.6
Grenada,GRD,"Mortality rate, infant (per 1,000 live births)",SP.DYN.IMRT.IN,,12.4,12.4,12.4,12.4,12.5,12.6,12.7,12.9,13,13.1,13.3,,,,,,,,,,,,,,,,,,,,,,,,,,,,,,,,,,12.4,12.4,12.4,12.4,12.5,12.6,12.7,12.9,13,13.1,13.3
Greenland,GRL,"Mortality rate, infant (per 1,000 live births)",SP.DYN.IMRT.IN,,,,,,,,,,,,,,,,,,,,,,,,,,,,,,,,,,,,,,,,,,,,,,,,,,,,,,,,
Guatemala,GTM,"Mortality rate, infant (per 1,000 live births)",SP.DYN.IMRT.IN,,34.4,33.1,32,30.8,29.7,28.6,27.6,26.5,25.6,24.6,23.7,,,,,,,,,,,,,,,,,,,,,,,,,,,,,,,,,,34.4,33.1,32,30.8,29.7,28.6,27.6,26.5,25.6,24.6,23.7
Guam,GUM,"Mortality rate, infant (per 1,000 live births)",SP.DYN.IMRT.IN,,,,,,,,,,,,,,,,,,,,,,,,,,,,,,,,,,,,,,,,,,,,,,,,,,,,,,,,
Guyana,GUY,"Mortality rate, infant (per 1,000 live births)",SP.DYN.IMRT.IN,,33.4,32.8,32.2,31.6,31,30.5,30,29.4,28.8,28.1,27.4,,,,,,,,,,,,,,,,,,,,,,,,,,,,,,,,,,33.4,32.8,32.2,31.6,31,30.5,30,29.4,28.8,28.1,27.4
High income,HIC,"Mortality rate, infant (per 1,000 live births)",SP.DYN.IMRT.IN,,6,5.8,5.6,5.5,5.3,5.2,5,4.9,4.8,4.7,4.6,,,,,,,,,,,,,,,,,,,,,,,,,,,,,,,,,,6,5.8,5.6,5.5,5.3,5.2,5,4.9,4.8,4.7,4.6
"Hong Kong SAR, China",HKG,"Mortality rate, infant (per 1,000 live births)",SP.DYN.IMRT.IN,,,,,,,,,,,,,,,,,,,,,,,,,,,,,,,,,,,,,,,,,,,,,,,,,,,,,,,,
Honduras,HND,"Mortality rate, infant (per 1,000 live births)",SP.DYN.IMRT.IN,,24.9,24,23.1,22.3,21.5,20.8,20.1,19.4,18.8,18.1,17.5,,,,,,,,,,,,,,,,,,,,,,,,,,,,,,,,,,24.9,24,23.1,22.3,21.5,20.8,20.1,19.4,18.8,18.1,17.5
Heavily indebted poor countries (HIPC),HPC,"Mortality rate, infant (per 1,000 live births)",SP.DYN.IMRT.IN,,73.38132209,70.74852832,68.20503171,65.89470178,63.75056728,62.06000761,59.89039346,58.08430488,56.35943188,54.84959704,53.41165492,,,,,,,,,,,,,,,,,,,,,,,,,,,,,,,,,,73.38132209,70.74852832,68.20503171,65.89470178,63.75056728,62.06000761,59.89039346,58.08430488,56.35943188,54.84959704,53.41165492
Croatia,HRV,"Mortality rate, infant (per 1,000 live births)",SP.DYN.IMRT.IN,,5.8,5.5,5.3,5,4.8,4.7,4.5,4.4,4.3,4.2,4.2,,,,,,,,,,,,,,,,,,,,,,,,,,,,,,,,,,5.8,5.5,5.3,5,4.8,4.7,4.5,4.4,4.3,4.2,4.2
Haiti,HTI,"Mortality rate, infant (per 1,000 live births)",SP.DYN.IMRT.IN,,65,63.6,62.3,61,59.8,81.6,57.4,56.3,55.1,53.9,52.7,,,,,,,,,,,,,,,,,,,,,,,,,,,,,,,,,,65,63.6,62.3,61,59.8,81.6,57.4,56.3,55.1,53.9,52.7
Hungary,HUN,"Mortality rate, infant (per 1,000 live births)",SP.DYN.IMRT.IN,,6.4,6.1,5.8,5.5,5.3,5.1,5,4.8,4.7,4.5,4.2,,,,,,,,,,,,,,,,,,,,,,,,,,,,,,,,,,6.4,6.1,5.8,5.5,5.3,5.1,5,4.8,4.7,4.5,4.2
IBRD only,IBD,"Mortality rate, infant (per 1,000 live births)",SP.DYN.IMRT.IN,,35.79628242,34.09466019,32.43685067,30.83813818,29.32916838,27.96199099,26.64287588,25.04521907,24.0347972,22.67733309,21.85305674,,,,,,,,,,,,,,,,,,,,,,,,,,,,,,,,,,35.79628242,34.09466019,32.43685067,30.83813818,29.32916838,27.96199099,26.64287588,25.04521907,24.0347972,22.67733309,21.85305674
IDA & IBRD total,IBT,"Mortality rate, infant (per 1,000 live births)",SP.DYN.IMRT.IN,,48.58692743,46.79642489,45.037353,43.42327639,41.80353003,40.51368899,39.16439702,37.57989758,36.59800129,35.34811966,34.57830315,,,,,,,,,,,,,,,,,,,,,,,,,,,,,,,,,,48.58692743,46.79642489,45.037353,43.42327639,41.80353003,40.51368899,39.16439702,37.57989758,36.59800129,35.34811966,34.57830315
IDA total,IDA,"Mortality rate, infant (per 1,000 live births)",SP.DYN.IMRT.IN,,70.51723856,68.29692704,66.14195223,64.42491054,62.47760274,61.00892747,59.37426645,57.97258545,56.54724542,55.26598182,54.03386453,,,,,,,,,,,,,,,,,,,,,,,,,,,,,,,,,,70.51723856,68.29692704,66.14195223,64.42491054,62.47760274,61.00892747,59.37426645,57.97258545,56.54724542,55.26598182,54.03386453
IDA blend,IDB,"Mortality rate, infant (per 1,000 live births)",SP.DYN.IMRT.IN,,78.25594401,76.34109711,74.48800124,72.73881229,71.24360372,69.87936485,68.63237909,67.33573869,66.04452292,64.81880841,63.59939724,,,,,,,,,,,,,,,,,,,,,,,,,,,,,,,,,,78.25594401,76.34109711,74.48800124,72.73881229,71.24360372,69.87936485,68.63237909,67.33573869,66.04452292,64.81880841,63.59939724
Indonesia,IDN,"Mortality rate, infant (per 1,000 live births)",SP.DYN.IMRT.IN,,33.5,32.3,31,29.9,28.9,27.8,26.8,25.8,24.9,24,23.1,,,,,,,,,,,,,,,,,,,,,,,,,,,,,,,,,,33.5,32.3,31,29.9,28.9,27.8,26.8,25.8,24.9,24,23.1
IDA only,IDX,"Mortality rate, infant (per 1,000 live births)",SP.DYN.IMRT.IN,,66.55676236,64.17201141,61.81159381,60.06226245,57.8436083,56.29283566,54.43242333,52.97561448,51.50083845,50.22031762,49.02369977,,,,,,,,,,,,,,,,,,,,,,,,,,,,,,,,,,66.55676236,64.17201141,61.81159381,60.06226245,57.8436083,56.29283566,54.43242333,52.97561448,51.50083845,50.22031762,49.02369977
Isle of Man,IMN,"Mortality rate, infant (per 1,000 live births)",SP.DYN.IMRT.IN,,,,,,,,,,,,,,,,,,,,,,,,,,,,,,,,,,,,,,,,,,,,,,,,,,,,,,,,
India,IND,"Mortality rate, infant (per 1,000 live births)",SP.DYN.IMRT.IN,,56.8,54.8,52.8,50.8,48.7,46.7,44.6,42.5,40.5,38.5,36.5,,,,,,,,,,,,,,,,,,,,,,,,,,,,,,,,,,56.8,54.8,52.8,50.8,48.7,46.7,44.6,42.5,40.5,38.5,36.5
Not classified,INX,"Mortality rate, infant (per 1,000 live births)",SP.DYN.IMRT.IN,,,,,,,,,,,,,,,,,,,,,,,,,,,,,,,,,,,,,,,,,,,,,,,,,,,,,,,,
Ireland,IRL,"Mortality rate, infant (per 1,000 live births)",SP.DYN.IMRT.IN,,4.4,4.1,3.9,3.8,3.6,3.5,3.5,3.4,3.3,3.3,3.2,,,,,,,,,,,,,,,,,,,,,,,,,,,,,,,,,,4.4,4.1,3.9,3.8,3.6,3.5,3.5,3.4,3.3,3.3,3.2
"Iran, Islamic Rep.",IRN,"Mortality rate, infant (per 1,000 live births)",SP.DYN.IMRT.IN,,22.3,21,19.7,18.5,17.5,16.5,15.7,15,14.4,13.8,13.3,,,,,,,,,,,,,,,,,,,,,,,,,,,,,,,,,,22.3,21,19.7,18.5,17.5,16.5,15.7,15,14.4,13.8,13.3
Iraq,IRQ,"Mortality rate, infant (per 1,000 live births)",SP.DYN.IMRT.IN,,32.4,31.7,31,30.2,29.4,28.6,27.8,27,26.2,25.4,24.7,,,,,,,,,,,,,,,,,,,,,,,,,,,,,,,,,,32.4,31.7,31,30.2,29.4,28.6,27.8,27,26.2,25.4,24.7
Iceland,ISL,"Mortality rate, infant (per 1,000 live births)",SP.DYN.IMRT.IN,,2.5,2.4,2.3,2.2,2.2,2.1,2.1,2.1,2.1,2,2.1,,,,,,,,,,,,,,,,,,,,,,,,,,,,,,,,,,2.5,2.4,2.3,2.2,2.2,2.1,2.1,2.1,2.1,2,2.1
Israel,ISR,"Mortality rate, infant (per 1,000 live births)",SP.DYN.IMRT.IN,,4.5,4.3,4.1,4,3.8,3.7,3.5,3.4,3.3,3.2,3.2,,,,,,,,,,,,,,,,,,,,,,,,,,,,,,,,,,4.5,4.3,4.1,4,3.8,3.7,3.5,3.4,3.3,3.2,3.2
Italy,ITA,"Mortality rate, infant (per 1,000 live births)",SP.DYN.IMRT.IN,,3.8,3.7,3.6,3.5,3.4,3.4,3.3,3.2,3.1,3.1,3,,,,,,,,,,,,,,,,,,,,,,,,,,,,,,,,,,3.8,3.7,3.6,3.5,3.4,3.4,3.3,3.2,3.1,3.1,3
Jamaica,JAM,"Mortality rate, infant (per 1,000 live births)",SP.DYN.IMRT.IN,,16.4,16.4,16.4,16.4,16.3,16.3,16.3,16.2,16.1,16.1,16,,,,,,,,,,,,,,,,,,,,,,,,,,,,,,,,,,16.4,16.4,16.4,16.4,16.3,16.3,16.3,16.2,16.1,16.1,16
Jordan,JOR,"Mortality rate, infant (per 1,000 live births)",SP.DYN.IMRT.IN,,19.8,19.3,18.7,18.2,17.7,17.2,16.8,16.3,15.9,15.5,15.1,,,,,,,,,,,,,,,,,,,,,,,,,,,,,,,,,,19.8,19.3,18.7,18.2,17.7,17.2,16.8,16.3,15.9,15.5,15.1
Japan,JPN,"Mortality rate, infant (per 1,000 live births)",SP.DYN.IMRT.IN,,2.8,2.7,2.6,2.5,2.4,2.3,2.3,2.2,2.1,2.1,2,,,,,,,,,,,,,,,,,,,,,,,,,,,,,,,,,,2.8,2.7,2.6,2.5,2.4,2.3,2.3,2.2,2.1,2.1,2
Kazakhstan,KAZ,"Mortality rate, infant (per 1,000 live births)",SP.DYN.IMRT.IN,,27.3,25.6,23.8,21.9,20.1,18.2,16.4,14.6,13,11.6,10.6,,,,,,,,,,,,,,,,,,,,,,,,,,,,,,,,,,27.3,25.6,23.8,21.9,20.1,18.2,16.4,14.6,13,11.6,10.6
Kenya,KEN,"Mortality rate, infant (per 1,000 live births)",SP.DYN.IMRT.IN,,44.5,42.2,40.3,38.1,37.4,36.9,36.4,36.5,36,35.2,34.1,,,,,,,,,,,,,,,,,,,,,,,,,,,,,,,,,,44.5,42.2,40.3,38.1,37.4,36.9,36.4,36.5,36,35.2,34.1
Kyrgyz Republic,KGZ,"Mortality rate, infant (per 1,000 live births)",SP.DYN.IMRT.IN,,34.1,32.8,31.3,29.7,27.9,26.1,24.4,23.1,22,20.9,19.8,,,,,,,,,,,,,,,,,,,,,,,,,,,,,,,,,,34.1,32.8,31.3,29.7,27.9,26.1,24.4,23.1,22,20.9,19.8
Cambodia,KHM,"Mortality rate, infant (per 1,000 live births)",SP.DYN.IMRT.IN,,52.9,49.4,46.3,43.2,40.2,37.3,34.6,32.2,30.2,28.6,27.1,,,,,,,,,,,,,,,,,,,,,,,,,,,,,,,,,,52.9,49.4,46.3,43.2,40.2,37.3,34.6,32.2,30.2,28.6,27.1
Kiribati,KIR,"Mortality rate, infant (per 1,000 live births)",SP.DYN.IMRT.IN,,46.9,46.7,46.4,46,45.6,45.3,45,44.9,45,45.3,45.7,,,,,,,,,,,,,,,,,,,,,,,,,,,,,,,,,,46.9,46.7,46.4,46,45.6,45.3,45,44.9,45,45.3,45.7
St. Kitts and Nevis,KNA,"Mortality rate, infant (per 1,000 live births)",SP.DYN.IMRT.IN,,16.4,16,15.7,15.6,15.5,15.5,15.6,15.7,15.8,15.8,15.7,,,,,,,,,,,,,,,,,,,,,,,,,,,,,,,,,,16.4,16,15.7,15.6,15.5,15.5,15.6,15.7,15.8,15.8,15.7
"Korea, Rep.",KOR,"Mortality rate, infant (per 1,000 live births)",SP.DYN.IMRT.IN,,4.8,4.4,4.1,3.9,3.7,3.5,3.4,3.3,3.2,3.1,3,,,,,,,,,,,,,,,,,,,,,,,,,,,,,,,,,,4.8,4.4,4.1,3.9,3.7,3.5,3.4,3.3,3.2,3.1,3
Kuwait,KWT,"Mortality rate, infant (per 1,000 live births)",SP.DYN.IMRT.IN,,10.1,10,9.8,9.7,9.5,9.2,8.9,8.5,8.2,8,7.8,,,,,,,,,,,,,,,,,,,,,,,,,,,,,,,,,,10.1,10,9.8,9.7,9.5,9.2,8.9,8.5,8.2,8,7.8
Latin America & Caribbean (excluding high income),LAC,"Mortality rate, infant (per 1,000 live births)",SP.DYN.IMRT.IN,,22.58686912,21.61845677,20.75869199,19.96025295,19.18220389,19.14746646,17.89606573,17.31393398,16.76621086,16.26384022,15.85805652,,,,,,,,,,,,,,,,,,,,,,,,,,,,,,,,,,22.58686912,21.61845677,20.75869199,19.96025295,19.18220389,19.14746646,17.89606573,17.31393398,16.76621086,16.26384022,15.85805652
Lao PDR,LAO,"Mortality rate, infant (per 1,000 live births)",SP.DYN.IMRT.IN,,63.3,60.7,58.3,55.9,53.6,51.4,49.2,47.2,45.3,43.4,41.7,,,,,,,,,,,,,,,,,,,,,,,,,,,,,,,,,,63.3,60.7,58.3,55.9,53.6,51.4,49.2,47.2,45.3,43.4,41.7
Lebanon,LBN,"Mortality rate, infant (per 1,000 live births)",SP.DYN.IMRT.IN,,12.9,12.3,11.8,11.4,11.1,10.8,10.7,10.6,10.6,10.7,10.9,,,,,,,,,,,,,,,,,,,,,,,,,,,,,,,,,,12.9,12.3,11.8,11.4,11.1,10.8,10.7,10.6,10.6,10.7,10.9
Liberia,LBR,"Mortality rate, infant (per 1,000 live births)",SP.DYN.IMRT.IN,,90.6,85.2,80.8,77.1,74.1,71.7,69.8,68.1,66.7,67.6,64.5,,,,,,,,,,,,,,,,,,,,,,,,,,,,,,,,,,90.6,85.2,80.8,77.1,74.1,71.7,69.8,68.1,66.7,67.6,64.5
Libya,LBY,"Mortality rate, infant (per 1,000 live births)",SP.DYN.IMRT.IN,,19.8,18.6,17.3,16.1,15,14.2,15,12.9,12.3,11.8,11.4,,,,,,,,,,,,,,,,,,,,,,,,,,,,,,,,,,19.8,18.6,17.3,16.1,15,14.2,15,12.9,12.3,11.8,11.4
St. Lucia,LCA,"Mortality rate, infant (per 1,000 live births)",SP.DYN.IMRT.IN,,16,16,16,16.1,16.1,16.2,16.2,16.2,16.2,16.2,16.2,,,,,,,,,,,,,,,,,,,,,,,,,,,,,,,,,,16,16,16,16.1,16.1,16.2,16.2,16.2,16.2,16.2,16.2
Latin America & Caribbean,LCN,"Mortality rate, infant (per 1,000 live births)",SP.DYN.IMRT.IN,,21.8,20.9,20.1,19.3,18.6,18.6,17.4,16.9,16.4,16,15.7,,,,,,,,,,,,,,,,,,,,,,,,,,,,,,,,,,21.8,20.9,20.1,19.3,18.6,18.6,17.4,16.9,16.4,16,15.7
Least developed countries: UN classification,LDC,"Mortality rate, infant (per 1,000 live births)",SP.DYN.IMRT.IN,,70.21817858,67.63908729,65.1342101,63.28937471,60.76232022,59.0942831,56.98652638,55.20840524,53.52132192,52.0612568,50.71869455,,,,,,,,,,,,,,,,,,,,,,,,,,,,,,,,,,70.21817858,67.63908729,65.1342101,63.28937471,60.76232022,59.0942831,56.98652638,55.20840524,53.52132192,52.0612568,50.71869455
Low income,LIC,"Mortality rate, infant (per 1,000 live births)",SP.DYN.IMRT.IN,,74,71.3,68.6,66.2,64.1,62.2,60.4,58.8,57.2,55.9,54.5,,,,,,,,,,,,,,,,,,,,,,,,,,,,,,,,,,74,71.3,68.6,66.2,64.1,62.2,60.4,58.8,57.2,55.9,54.5
Liechtenstein,LIE,"Mortality rate, infant (per 1,000 live births)",SP.DYN.IMRT.IN,,,,,,,,,,,,,,,,,,,,,,,,,,,,,,,,,,,,,,,,,,,,,,,,,,,,,,,,
Sri Lanka,LKA,"Mortality rate, infant (per 1,000 live births)",SP.DYN.IMRT.IN,,12.1,11.5,10.8,10.3,13.6,9.6,9.3,8.9,8.4,8,7.5,,,,,,,,,,,,,,,,,,,,,,,,,,,,,,,,,,12.1,11.5,10.8,10.3,13.6,9.6,9.3,8.9,8.4,8,7.5
Lower middle income,LMC,"Mortality rate, infant (per 1,000 live births)",SP.DYN.IMRT.IN,,57.5,55.7,53.9,52.3,50.4,48.9,47.3,45.7,44.1,42.7,41.4,,,,,,,,,,,,,,,,,,,,,,,,,,,,,,,,,,57.5,55.7,53.9,52.3,50.4,48.9,47.3,45.7,44.1,42.7,41.4
Low & middle income,LMY,"Mortality rate, infant (per 1,000 live births)",SP.DYN.IMRT.IN,,49.43423815,47.63212588,45.87349292,44.25957753,42.61669296,41.30328601,39.91338534,38.2965073,37.28992664,36.01733391,35.22960397,,,,,,,,,,,,,,,,,,,,,,,,,,,,,,,,,,49.43423815,47.63212588,45.87349292,44.25957753,42.61669296,41.30328601,39.91338534,38.2965073,37.28992664,36.01733391,35.22960397
Lesotho,LSO,"Mortality rate, infant (per 1,000 live births)",SP.DYN.IMRT.IN,,72.8,72.5,70.6,73,69.1,65.9,63.2,63.5,63.9,63.1,62.9,,,,,,,,,,,,,,,,,,,,,,,,,,,,,,,,,,72.8,72.5,70.6,73,69.1,65.9,63.2,63.5,63.9,63.1,62.9
Late-demographic dividend,LTE,"Mortality rate, infant (per 1,000 live births)",SP.DYN.IMRT.IN,,19.00877456,17.63999014,16.34539907,15.24540463,14.29344533,13.34632632,12.5587597,11.70099225,11.07351024,10.40206261,9.880458616,,,,,,,,,,,,,,,,,,,,,,,,,,,,,,,,,,19.00877456,17.63999014,16.34539907,15.24540463,14.29344533,13.34632632,12.5587597,11.70099225,11.07351024,10.40206261,9.880458616
Lithuania,LTU,"Mortality rate, infant (per 1,000 live births)",SP.DYN.IMRT.IN,,7.3,6.9,6.4,5.9,5.4,4.9,4.5,4.2,4,4,4,,,,,,,,,,,,,,,,,,,,,,,,,,,,,,,,,,7.3,6.9,6.4,5.9,5.4,4.9,4.5,4.2,4,4,4
Luxembourg,LUX,"Mortality rate, infant (per 1,000 live births)",SP.DYN.IMRT.IN,,2.8,2.7,2.5,2.5,2.4,2.3,2.3,2.3,2.2,2.2,2.2,,,,,,,,,,,,,,,,,,,,,,,,,,,,,,,,,,2.8,2.7,2.5,2.5,2.4,2.3,2.3,2.3,2.2,2.2,2.2
Latvia,LVA,"Mortality rate, infant (per 1,000 live births)",SP.DYN.IMRT.IN,,8.6,8.1,7.7,7.3,6.9,6.5,6,5.5,5.1,4.7,4.3,,,,,,,,,,,,,,,,,,,,,,,,,,,,,,,,,,8.6,8.1,7.7,7.3,6.9,6.5,6,5.5,5.1,4.7,4.3
"Macao SAR, China",MAC,"Mortality rate, infant (per 1,000 live births)",SP.DYN.IMRT.IN,,,,,,,,,,,,,,,,,,,,,,,,,,,,,,,,,,,,,,,,,,,,,,,,,,,,,,,,
St. Martin (French part),MAF,"Mortality rate, infant (per 1,000 live births)",SP.DYN.IMRT.IN,,,,,,,,,,,,,,,,,,,,,,,,,,,,,,,,,,,,,,,,,,,,,,,,,,,,,,,,
Morocco,MAR,"Mortality rate, infant (per 1,000 live births)",SP.DYN.IMRT.IN,,35.4,33.6,31.8,30.1,28.4,26.8,25.3,23.9,22.5,21.3,20.1,,,,,,,,,,,,,,,,,,,,,,,,,,,,,,,,,,35.4,33.6,31.8,30.1,28.4,26.8,25.3,23.9,22.5,21.3,20.1
Monaco,MCO,"Mortality rate, infant (per 1,000 live births)",SP.DYN.IMRT.IN,,3.7,3.6,3.5,3.4,3.3,3.3,3.2,3.1,3,3,2.9,,,,,,,,,,,,,,,,,,,,,,,,,,,,,,,,,,3.7,3.6,3.5,3.4,3.3,3.3,3.2,3.1,3,3,2.9
Moldova,MDA,"Mortality rate, infant (per 1,000 live births)",SP.DYN.IMRT.IN,,17.1,16.3,15.7,15.2,14.9,14.6,14.4,14.2,13.9,13.7,13.4,,,,,,,,,,,,,,,,,,,,,,,,,,,,,,,,,,17.1,16.3,15.7,15.2,14.9,14.6,14.4,14.2,13.9,13.7,13.4
Madagascar,MDG,"Mortality rate, infant (per 1,000 live births)",SP.DYN.IMRT.IN,,55.6,53.7,52,50.4,49,47.8,46.9,46.2,45.7,45.4,45.2,,,,,,,,,,,,,,,,,,,,,,,,,,,,,,,,,,55.6,53.7,52,50.4,49,47.8,46.9,46.2,45.7,45.4,45.2
Maldives,MDV,"Mortality rate, infant (per 1,000 live births)",SP.DYN.IMRT.IN,,18.4,16.6,15.1,13.9,12.8,11.9,11.2,10.4,9.7,9,8.4,,,,,,,,,,,,,,,,,,,,,,,,,,,,,,,,,,18.4,16.6,15.1,13.9,12.8,11.9,11.2,10.4,9.7,9,8.4
Middle East & North Africa,MEA,"Mortality rate, infant (per 1,000 live births)",SP.DYN.IMRT.IN,,28.1,26.9,25.6,24.5,23.5,22.7,22,21.8,21.2,20.4,19.8,,,,,,,,,,,,,,,,,,,,,,,,,,,,,,,,,,28.1,26.9,25.6,24.5,23.5,22.7,22,21.8,21.2,20.4,19.8
Mexico,MEX,"Mortality rate, infant (per 1,000 live births)",SP.DYN.IMRT.IN,,19.4,18.7,18.1,17.5,16.9,16.4,15.9,15.4,14.9,14.4,14,,,,,,,,,,,,,,,,,,,,,,,,,,,,,,,,,,19.4,18.7,18.1,17.5,16.9,16.4,15.9,15.4,14.9,14.4,14
Marshall Islands,MHL,"Mortality rate, infant (per 1,000 live births)",SP.DYN.IMRT.IN,,33.3,33,32.7,32.5,32.2,31.8,31.5,31,30.5,29.8,29.1,,,,,,,,,,,,,,,,,,,,,,,,,,,,,,,,,,33.3,33,32.7,32.5,32.2,31.8,31.5,31,30.5,29.8,29.1
Middle income,MIC,"Mortality rate, infant (per 1,000 live births)",SP.DYN.IMRT.IN,,45.11982686,43.39057343,41.74174354,40.24867877,38.63843744,37.35953515,36.00728086,34.38058858,33.40313694,32.10401408,31.3193617,,,,,,,,,,,,,,,,,,,,,,,,,,,,,,,,,,45.11982686,43.39057343,41.74174354,40.24867877,38.63843744,37.35953515,36.00728086,34.38058858,33.40313694,32.10401408,31.3193617
North Macedonia,MKD,"Mortality rate, infant (per 1,000 live births)",SP.DYN.IMRT.IN,,12.2,11.7,11.1,10.3,9.6,9.1,9,9.1,9.5,9.9,9.9,,,,,,,,,,,,,,,,,,,,,,,,,,,,,,,,,,12.2,11.7,11.1,10.3,9.6,9.1,9,9.1,9.5,9.9,9.9
Mali,MLI,"Mortality rate, infant (per 1,000 live births)",SP.DYN.IMRT.IN,,88.7,86.4,84.2,82.1,80.1,78.3,76.5,74.8,73.1,71.6,70,,,,,,,,,,,,,,,,,,,,,,,,,,,,,,,,,,88.7,86.4,84.2,82.1,80.1,78.3,76.5,74.8,73.1,71.6,70
Malta,MLT,"Mortality rate, infant (per 1,000 live births)",SP.DYN.IMRT.IN,,6.1,6,6,6,6,6,6,5.9,5.9,5.8,5.7,,,,,,,,,,,,,,,,,,,,,,,,,,,,,,,,,,6.1,6,6,6,6,6,6,5.9,5.9,5.8,5.7
Myanmar,MMR,"Mortality rate, infant (per 1,000 live births)",SP.DYN.IMRT.IN,,57.2,55.5,53.7,64.2,50.2,48.5,46.7,45,43.3,41.8,40.4,,,,,,,,,,,,,,,,,,,,,,,,,,,,,,,,,,57.2,55.5,53.7,64.2,50.2,48.5,46.7,45,43.3,41.8,40.4
Middle East & North Africa (excluding high income),MNA,"Mortality rate, infant (per 1,000 live births)",SP.DYN.IMRT.IN,,30.02976411,28.78700314,27.48161261,26.28845954,25.32735822,24.37868154,23.69960723,23.43976757,22.78386217,21.93803512,21.29598428,,,,,,,,,,,,,,,,,,,,,,,,,,,,,,,,,,30.02976411,28.78700314,27.48161261,26.28845954,25.32735822,24.37868154,23.69960723,23.43976757,22.78386217,21.93803512,21.29598428
Montenegro,MNE,"Mortality rate, infant (per 1,000 live births)",SP.DYN.IMRT.IN,,9.3,8.5,7.7,7,6.3,5.7,5.2,4.7,4.2,3.9,3.5,,,,,,,,,,,,,,,,,,,,,,,,,,,,,,,,,,9.3,8.5,7.7,7,6.3,5.7,5.2,4.7,4.2,3.9,3.5
Mongolia,MNG,"Mortality rate, infant (per 1,000 live births)",SP.DYN.IMRT.IN,,33,30.4,28,25.9,23.9,22.1,20.6,19.4,18.3,17.5,16.6,,,,,,,,,,,,,,,,,,,,,,,,,,,,,,,,,,33,30.4,28,25.9,23.9,22.1,20.6,19.4,18.3,17.5,16.6
Northern Mariana Islands,MNP,"Mortality rate, infant (per 1,000 live births)",SP.DYN.IMRT.IN,,,,,,,,,,,,,,,,,,,,,,,,,,,,,,,,,,,,,,,,,,,,,,,,,,,,,,,,
Mozambique,MOZ,"Mortality rate, infant (per 1,000 live births)",SP.DYN.IMRT.IN,,86.8,82.9,77.5,74.8,71.5,71,67.5,65,62.8,61.3,59.6,,,,,,,,,,,,,,,,,,,,,,,,,,,,,,,,,,86.8,82.9,77.5,74.8,71.5,71,67.5,65,62.8,61.3,59.6
Mauritania,MRT,"Mortality rate, infant (per 1,000 live births)",SP.DYN.IMRT.IN,,49.8,47.5,45.5,43.9,42.5,41.5,40.5,39.7,38.9,38.1,37.3,,,,,,,,,,,,,,,,,,,,,,,,,,,,,,,,,,49.8,47.5,45.5,43.9,42.5,41.5,40.5,39.7,38.9,38.1,37.3
Mauritius,MUS,"Mortality rate, infant (per 1,000 live births)",SP.DYN.IMRT.IN,,13.7,13.5,13.4,13.1,12.8,12.8,12.9,13.1,13.1,13,12.9,,,,,,,,,,,,,,,,,,,,,,,,,,,,,,,,,,13.7,13.5,13.4,13.1,12.8,12.8,12.9,13.1,13.1,13,12.9
Malawi,MWI,"Mortality rate, infant (per 1,000 live births)",SP.DYN.IMRT.IN,,64.9,61.5,59.3,56.2,54,52,48.4,45.6,42.7,40.3,38.5,,,,,,,,,,,,,,,,,,,,,,,,,,,,,,,,,,64.9,61.5,59.3,56.2,54,52,48.4,45.6,42.7,40.3,38.5
Malaysia,MYS,"Mortality rate, infant (per 1,000 live births)",SP.DYN.IMRT.IN,,7,7,7,7,7,6.9,6.9,6.9,6.9,6.9,7,,,,,,,,,,,,,,,,,,,,,,,,,,,,,,,,,,7,7,7,7,7,6.9,6.9,6.9,6.9,6.9,7
North America,NAC,"Mortality rate, infant (per 1,000 live births)",SP.DYN.IMRT.IN,,6.6,6.6,6.5,6.4,6.2,6.1,6,5.9,5.8,5.8,5.7,,,,,,,,,,,,,,,,,,,,,,,,,,,,,,,,,,6.6,6.6,6.5,6.4,6.2,6.1,6,5.9,5.8,5.8,5.7
Namibia,NAM,"Mortality rate, infant (per 1,000 live births)",SP.DYN.IMRT.IN,,39.2,37.4,37.8,37.8,38.8,36.9,37.1,38.2,35.9,33.4,33.1,,,,,,,,,,,,,,,,,,,,,,,,,,,,,,,,,,39.2,37.4,37.8,37.8,38.8,36.9,37.1,38.2,35.9,33.4,33.1
New Caledonia,NCL,"Mortality rate, infant (per 1,000 live births)",SP.DYN.IMRT.IN,,,,,,,,,,,,,,,,,,,,,,,,,,,,,,,,,,,,,,,,,,,,,,,,,,,,,,,,
Niger,NER,"Mortality rate, infant (per 1,000 live births)",SP.DYN.IMRT.IN,,79.2,75.8,72.9,70.5,68.5,67,65.9,65,64.4,63.9,63.5,,,,,,,,,,,,,,,,,,,,,,,,,,,,,,,,,,79.2,75.8,72.9,70.5,68.5,67,65.9,65,64.4,63.9,63.5
Nigeria,NGA,"Mortality rate, infant (per 1,000 live births)",SP.DYN.IMRT.IN,,94.7,92.1,89.6,87.5,85.7,84.2,82.9,81.8,80.8,80,79.2,,,,,,,,,,,,,,,,,,,,,,,,,,,,,,,,,,94.7,92.1,89.6,87.5,85.7,84.2,82.9,81.8,80.8,80,79.2
Nicaragua,NIC,"Mortality rate, infant (per 1,000 live births)",SP.DYN.IMRT.IN,,24.7,23.6,22.6,21.6,20.8,20,19.2,18.5,17.8,17.1,16.5,,,,,,,,,,,,,,,,,,,,,,,,,,,,,,,,,,24.7,23.6,22.6,21.6,20.8,20,19.2,18.5,17.8,17.1,16.5
Netherlands,NLD,"Mortality rate, infant (per 1,000 live births)",SP.DYN.IMRT.IN,,4.4,4.3,4.1,4,3.8,3.7,3.6,3.6,3.5,3.5,3.5,,,,,,,,,,,,,,,,,,,,,,,,,,,,,,,,,,4.4,4.3,4.1,4,3.8,3.7,3.6,3.6,3.5,3.5,3.5
Norway,NOR,"Mortality rate, infant (per 1,000 live births)",SP.DYN.IMRT.IN,,3.3,3.2,3,2.9,2.8,2.7,2.5,2.4,2.4,2.3,2.2,,,,,,,,,,,,,,,,,,,,,,,,,,,,,,,,,,3.3,3.2,3,2.9,2.8,2.7,2.5,2.4,2.4,2.3,2.2
Nepal,NPL,"Mortality rate, infant (per 1,000 live births)",SP.DYN.IMRT.IN,,46.5,44.6,42.9,41.2,39.7,38.2,36.7,35.2,33.8,32.4,31,,,,,,,,,,,,,,,,,,,,,,,,,,,,,,,,,,46.5,44.6,42.9,41.2,39.7,38.2,36.7,35.2,33.8,32.4,31
Nauru,NRU,"Mortality rate, infant (per 1,000 live births)",SP.DYN.IMRT.IN,,31.3,31.1,31.1,31.1,30.9,30.6,30.1,29.5,28.8,28.1,27.4,,,,,,,,,,,,,,,,,,,,,,,,,,,,,,,,,,31.3,31.1,31.1,31.1,30.9,30.6,30.1,29.5,28.8,28.1,27.4
New Zealand,NZL,"Mortality rate, infant (per 1,000 live births)",SP.DYN.IMRT.IN,,5.5,5.4,5.3,5.3,5.2,5.2,5.1,5,4.8,4.7,4.6,,,,,,,,,,,,,,,,,,,,,,,,,,,,,,,,,,5.5,5.4,5.3,5.3,5.2,5.2,5.1,5,4.8,4.7,4.6
OECD members,OED,"Mortality rate, infant (per 1,000 live births)",SP.DYN.IMRT.IN,,9.202990236,8.83984031,8.479511392,8.153995242,7.879480612,7.595547322,7.389229407,7.178222948,6.997157937,6.809604318,6.623436059,,,,,,,,,,,,,,,,,,,,,,,,,,,,,,,,,,9.202990236,8.83984031,8.479511392,8.153995242,7.879480612,7.595547322,7.389229407,7.178222948,6.997157937,6.809604318,6.623436059
Oman,OMN,"Mortality rate, infant (per 1,000 live births)",SP.DYN.IMRT.IN,,11,10.7,10.5,10.3,10.2,10.1,10,9.8,9.7,9.7,9.6,,,,,,,,,,,,,,,,,,,,,,,,,,,,,,,,,,11,10.7,10.5,10.3,10.2,10.1,10,9.8,9.7,9.7,9.6
Other small states,OSS,"Mortality rate, infant (per 1,000 live births)",SP.DYN.IMRT.IN,,41.24149072,38.65971141,37.58264521,36.59262136,35.0941432,33.84583599,32.68923376,31.78520907,31.12809453,30.33186887,29.10383984,,,,,,,,,,,,,,,,,,,,,,,,,,,,,,,,,,41.24149072,38.65971141,37.58264521,36.59262136,35.0941432,33.84583599,32.68923376,31.78520907,31.12809453,30.33186887,29.10383984
Pakistan,PAK,"Mortality rate, infant (per 1,000 live births)",SP.DYN.IMRT.IN,,76.8,75.5,74.3,73,71.6,70.2,68.7,67.1,65.5,63.8,62.2,,,,,,,,,,,,,,,,,,,,,,,,,,,,,,,,,,76.8,75.5,74.3,73,71.6,70.2,68.7,67.1,65.5,63.8,62.2
Panama,PAN,"Mortality rate, infant (per 1,000 live births)",SP.DYN.IMRT.IN,,18.4,17.8,17.2,16.7,16.2,15.8,15.5,15.2,15,14.9,14.8,,,,,,,,,,,,,,,,,,,,,,,,,,,,,,,,,,18.4,17.8,17.2,16.7,16.2,15.8,15.5,15.2,15,14.9,14.8
Peru,PER,"Mortality rate, infant (per 1,000 live births)",SP.DYN.IMRT.IN,,20.5,19.3,18.2,17.2,16.4,15.6,15,14.4,13.9,13.5,13.2,,,,,,,,,,,,,,,,,,,,,,,,,,,,,,,,,,20.5,19.3,18.2,17.2,16.4,15.6,15,14.4,13.9,13.5,13.2
Philippines,PHL,"Mortality rate, infant (per 1,000 live births)",SP.DYN.IMRT.IN,,25.6,25.1,24.6,24.1,23.7,23.3,23,22.7,22.4,22.2,22.1,,,,,,,,,,,,,,,,,,,,,,,,,,,,,,,,,,25.6,25.1,24.6,24.1,23.7,23.3,23,22.7,22.4,22.2,22.1
Palau,PLW,"Mortality rate, infant (per 1,000 live births)",SP.DYN.IMRT.IN,,21.6,20.9,20.3,19.8,19.4,19.3,19.3,19.5,19.8,20.3,21,,,,,,,,,,,,,,,,,,,,,,,,,,,,,,,,,,21.6,20.9,20.3,19.8,19.4,19.3,19.3,19.5,19.8,20.3,21
Papua New Guinea,PNG,"Mortality rate, infant (per 1,000 live births)",SP.DYN.IMRT.IN,,49.9,49.1,48.1,47.2,46.2,45.3,44.3,43.4,42.4,41.5,40.6,,,,,,,,,,,,,,,,,,,,,,,,,,,,,,,,,,49.9,49.1,48.1,47.2,46.2,45.3,44.3,43.4,42.4,41.5,40.6
Poland,POL,"Mortality rate, infant (per 1,000 live births)",SP.DYN.IMRT.IN,,6.5,6.3,6,5.8,5.5,5.1,4.9,4.7,4.5,4.3,4.2,,,,,,,,,,,,,,,,,,,,,,,,,,,,,,,,,,6.5,6.3,6,5.8,5.5,5.1,4.9,4.7,4.5,4.3,4.2
Pre-demographic dividend,PRE,"Mortality rate, infant (per 1,000 live births)",SP.DYN.IMRT.IN,,78.37088989,75.73999291,73.28526147,71.05985818,68.99765069,67.18331551,65.43387901,63.8472731,62.30526958,60.98881403,59.74422976,,,,,,,,,,,,,,,,,,,,,,,,,,,,,,,,,,78.37088989,75.73999291,73.28526147,71.05985818,68.99765069,67.18331551,65.43387901,63.8472731,62.30526958,60.98881403,59.74422976
Puerto Rico,PRI,"Mortality rate, infant (per 1,000 live births)",SP.DYN.IMRT.IN,,,,,,,,,,,,,,,,,,,,,,,,,,,,,,,,,,,,,,,,,,,,,,,,,,,,,,,,
"Korea, Dem. People's Rep.",PRK,"Mortality rate, infant (per 1,000 live births)",SP.DYN.IMRT.IN,,25.6,25.2,25.2,24.7,24.1,23.1,21.8,20.3,19,17.8,16.8,,,,,,,,,,,,,,,,,,,,,,,,,,,,,,,,,,25.6,25.2,25.2,24.7,24.1,23.1,21.8,20.3,19,17.8,16.8
Portugal,PRT,"Mortality rate, infant (per 1,000 live births)",SP.DYN.IMRT.IN,,3.7,3.4,3.3,3.2,3.1,3.1,3,3,3,3,3,,,,,,,,,,,,,,,,,,,,,,,,,,,,,,,,,,3.7,3.4,3.3,3.2,3.1,3.1,3,3,3,3,3
Paraguay,PRY,"Mortality rate, infant (per 1,000 live births)",SP.DYN.IMRT.IN,,24.9,24.3,23.7,23,22.4,21.8,21.2,20.6,20,19.4,18.8,,,,,,,,,,,,,,,,,,,,,,,,,,,,,,,,,,24.9,24.3,23.7,23,22.4,21.8,21.2,20.6,20,19.4,18.8
West Bank and Gaza,PSE,"Mortality rate, infant (per 1,000 live births)",SP.DYN.IMRT.IN,,22,21.3,20.7,20.1,19.4,18.8,18.2,17.5,16.9,17.2,15.8,,,,,,,,,,,,,,,,,,,,,,,,,,,,,,,,,,22,21.3,20.7,20.1,19.4,18.8,18.2,17.5,16.9,17.2,15.8
Pacific island small states,PSS,"Mortality rate, infant (per 1,000 live births)",SP.DYN.IMRT.IN,,22.99492532,22.88021628,22.7202021,22.41210151,22.22004007,21.62316993,21.18605249,20.76809512,20.43015895,20.14474121,19.97701328,,,,,,,,,,,,,,,,,,,,,,,,,,,,,,,,,,22.99492532,22.88021628,22.7202021,22.41210151,22.22004007,21.62316993,21.18605249,20.76809512,20.43015895,20.14474121,19.97701328
Post-demographic dividend,PST,"Mortality rate, infant (per 1,000 live births)",SP.DYN.IMRT.IN,,5.371320744,5.292794986,5.165512797,5.041378219,4.908841083,4.733313618,4.632694727,4.526265171,4.436950303,4.399186782,4.329967761,,,,,,,,,,,,,,,,,,,,,,,,,,,,,,,,,,5.371320744,5.292794986,5.165512797,5.041378219,4.908841083,4.733313618,4.632694727,4.526265171,4.436950303,4.399186782,4.329967761
French Polynesia,PYF,"Mortality rate, infant (per 1,000 live births)",SP.DYN.IMRT.IN,,,,,,,,,,,,,,,,,,,,,,,,,,,,,,,,,,,,,,,,,,,,,,,,,,,,,,,,
Qatar,QAT,"Mortality rate, infant (per 1,000 live births)",SP.DYN.IMRT.IN,,9,8.7,8.4,8.2,8,7.8,7.6,7.4,7.2,6.9,6.6,,,,,,,,,,,,,,,,,,,,,,,,,,,,,,,,,,9,8.7,8.4,8.2,8,7.8,7.6,7.4,7.2,6.9,6.6
Romania,ROU,"Mortality rate, infant (per 1,000 live births)",SP.DYN.IMRT.IN,,15.5,14.2,13,11.9,11.1,10.5,10,9.5,8.9,8.3,7.7,,,,,,,,,,,,,,,,,,,,,,,,,,,,,,,,,,15.5,14.2,13,11.9,11.1,10.5,10,9.5,8.9,8.3,7.7
Russian Federation,RUS,"Mortality rate, infant (per 1,000 live births)",SP.DYN.IMRT.IN,,11.1,10.3,9.6,9,8.6,8.4,8.2,7.9,7.6,7.2,6.6,,,,,,,,,,,,,,,,,,,,,,,,,,,,,,,,,,11.1,10.3,9.6,9,8.6,8.4,8.2,7.9,7.6,7.2,6.6
Rwanda,RWA,"Mortality rate, infant (per 1,000 live births)",SP.DYN.IMRT.IN,,65.7,59.6,54.5,50.3,47.1,44.1,40.7,38.9,37.2,35.8,34.7,,,,,,,,,,,,,,,,,,,,,,,,,,,,,,,,,,65.7,59.6,54.5,50.3,47.1,44.1,40.7,38.9,37.2,35.8,34.7
South Asia,SAS,"Mortality rate, infant (per 1,000 live births)",SP.DYN.IMRT.IN,,59,57.2,55.4,53.5,51.8,49.9,48.1,46.2,44.4,42.6,40.8,,,,,,,,,,,,,,,,,,,,,,,,,,,,,,,,,,59,57.2,55.4,53.5,51.8,49.9,48.1,46.2,44.4,42.6,40.8
Saudi Arabia,SAU,"Mortality rate, infant (per 1,000 live births)",SP.DYN.IMRT.IN,,14.2,13.4,12.6,11.9,11.2,10.5,9.9,9.3,8.8,8.2,7.8,,,,,,,,,,,,,,,,,,,,,,,,,,,,,,,,,,14.2,13.4,12.6,11.9,11.2,10.5,9.9,9.3,8.8,8.2,7.8
Sudan,SDN,"Mortality rate, infant (per 1,000 live births)",SP.DYN.IMRT.IN,,57.1,55.5,54,52.6,51.3,50,48.9,47.7,46.7,45.6,44.5,,,,,,,,,,,,,,,,,,,,,,,,,,,,,,,,,,57.1,55.5,54,52.6,51.3,50,48.9,47.7,46.7,45.6,44.5
Senegal,SEN,"Mortality rate, infant (per 1,000 live births)",SP.DYN.IMRT.IN,,53.1,50.5,48.2,46.1,44.3,42.6,41.1,39.6,38.2,36.9,35.5,,,,,,,,,,,,,,,,,,,,,,,,,,,,,,,,,,53.1,50.5,48.2,46.1,44.3,42.6,41.1,39.6,38.2,36.9,35.5
Singapore,SGP,"Mortality rate, infant (per 1,000 live births)",SP.DYN.IMRT.IN,,2.3,2.3,2.3,2.2,2.2,2.2,2.2,2.2,2.2,2.2,2.2,,,,,,,,,,,,,,,,,,,,,,,,,,,,,,,,,,2.3,2.3,2.3,2.2,2.2,2.2,2.2,2.2,2.2,2.2,2.2
Solomon Islands,SLB,"Mortality rate, infant (per 1,000 live births)",SP.DYN.IMRT.IN,,24.5,24.2,23.8,23.3,22.8,22.3,21.7,21.1,20.6,20,19.4,,,,,,,,,,,,,,,,,,,,,,,,,,,,,,,,,,24.5,24.2,23.8,23.3,22.8,22.3,21.7,21.1,20.6,20,19.4
Sierra Leone,SLE,"Mortality rate, infant (per 1,000 live births)",SP.DYN.IMRT.IN,,124.3,121.1,117.8,114.3,110.8,107.3,104,100.8,97.9,95.8,95.3,,,,,,,,,,,,,,,,,,,,,,,,,,,,,,,,,,124.3,121.1,117.8,114.3,110.8,107.3,104,100.8,97.9,95.8,95.3
El Salvador,SLV,"Mortality rate, infant (per 1,000 live births)",SP.DYN.IMRT.IN,,21.1,20,19.1,18.1,17.2,16.4,15.7,14.9,14.3,13.7,13.2,,,,,,,,,,,,,,,,,,,,,,,,,,,,,,,,,,21.1,20,19.1,18.1,17.2,16.4,15.7,14.9,14.3,13.7,13.2
San Marino,SMR,"Mortality rate, infant (per 1,000 live births)",SP.DYN.IMRT.IN,,3.3,3.1,2.9,2.7,2.6,2.4,2.3,2.1,2,1.9,1.8,,,,,,,,,,,,,,,,,,,,,,,,,,,,,,,,,,3.3,3.1,2.9,2.7,2.6,2.4,2.3,2.1,2,1.9,1.8
Somalia,SOM,"Mortality rate, infant (per 1,000 live births)",SP.DYN.IMRT.IN,,103.9,103.6,102.6,100.8,98.2,95.5,92.9,90.2,87.5,85.1,82.7,,,,,,,,,,,,,,,,,,,,,,,,,,,,,,,,,,103.9,103.6,102.6,100.8,98.2,95.5,92.9,90.2,87.5,85.1,82.7
Serbia,SRB,"Mortality rate, infant (per 1,000 live births)",SP.DYN.IMRT.IN,,7.7,7.3,7,6.9,6.7,6.6,6.4,6.2,5.9,5.7,5.4,,,,,,,,,,,,,,,,,,,,,,,,,,,,,,,,,,7.7,7.3,7,6.9,6.7,6.6,6.4,6.2,5.9,5.7,5.4
Sub-Saharan Africa (excluding high income),SSA,"Mortality rate, infant (per 1,000 live births)",SP.DYN.IMRT.IN,,76.61817278,74.01877451,71.50298722,69.12651444,67.0420266,65.11576096,63.3199948,61.65515338,60.10816661,58.76787896,57.47032499,,,,,,,,,,,,,,,,,,,,,,,,,,,,,,,,,,76.61817278,74.01877451,71.50298722,69.12651444,67.0420266,65.11576096,63.3199948,61.65515338,60.10816661,58.76787896,57.47032499
South Sudan,SSD,"Mortality rate, infant (per 1,000 live births)",SP.DYN.IMRT.IN,,87,83.1,79.5,76,72.8,69.7,66.9,65,64.1,63.8,63.8,,,,,,,,,,,,,,,,,,,,,,,,,,,,,,,,,,87,83.1,79.5,76,72.8,69.7,66.9,65,64.1,63.8,63.8
Sub-Saharan Africa,SSF,"Mortality rate, infant (per 1,000 live births)",SP.DYN.IMRT.IN,,76.6,74,71.5,69.1,67,65.1,63.3,61.7,60.1,58.8,57.5,,,,,,,,,,,,,,,,,,,,,,,,,,,,,,,,,,76.6,74,71.5,69.1,67,65.1,63.3,61.7,60.1,58.8,57.5
Small states,SST,"Mortality rate, infant (per 1,000 live births)",SP.DYN.IMRT.IN,,35.29188929,33.49345852,32.67571922,31.88367308,30.77667824,29.77965247,28.84796359,28.08631483,27.52157447,26.84335556,25.93183978,,,,,,,,,,,,,,,,,,,,,,,,,,,,,,,,,,35.29188929,33.49345852,32.67571922,31.88367308,30.77667824,29.77965247,28.84796359,28.08631483,27.52157447,26.84335556,25.93183978
Sao Tome and Principe,STP,"Mortality rate, infant (per 1,000 live births)",SP.DYN.IMRT.IN,,39.3,36.7,34.3,32,29.8,27.7,25.7,23.8,21.9,20.1,18.4,,,,,,,,,,,,,,,,,,,,,,,,,,,,,,,,,,39.3,36.7,34.3,32,29.8,27.7,25.7,23.8,21.9,20.1,18.4
Suriname,SUR,"Mortality rate, infant (per 1,000 live births)",SP.DYN.IMRT.IN,,23.5,22.9,22.2,21.7,21.1,20.6,20.1,19.6,19.2,18.7,18.3,,,,,,,,,,,,,,,,,,,,,,,,,,,,,,,,,,23.5,22.9,22.2,21.7,21.1,20.6,20.1,19.6,19.2,18.7,18.3
Slovak Republic,SVK,"Mortality rate, infant (per 1,000 live births)",SP.DYN.IMRT.IN,,6.9,6.7,6.4,6.1,5.9,5.7,5.6,5.4,5.3,5.3,5.2,,,,,,,,,,,,,,,,,,,,,,,,,,,,,,,,,,6.9,6.7,6.4,6.1,5.9,5.7,5.6,5.4,5.3,5.3,5.2
Slovenia,SVN,"Mortality rate, infant (per 1,000 live births)",SP.DYN.IMRT.IN,,3.5,3.3,3.1,2.9,2.8,2.6,2.5,2.4,2.3,2.2,2.1,,,,,,,,,,,,,,,,,,,,,,,,,,,,,,,,,,3.5,3.3,3.1,2.9,2.8,2.6,2.5,2.4,2.3,2.2,2.1
Sweden,SWE,"Mortality rate, infant (per 1,000 live births)",SP.DYN.IMRT.IN,,3,2.8,2.7,2.6,2.6,2.5,2.5,2.4,2.4,2.4,2.3,,,,,,,,,,,,,,,,,,,,,,,,,,,,,,,,,,3,2.8,2.7,2.6,2.6,2.5,2.5,2.4,2.4,2.4,2.3
Eswatini,SWZ,"Mortality rate, infant (per 1,000 live births)",SP.DYN.IMRT.IN,,70.7,61.7,62.5,64.5,61.4,58.4,54.4,53.5,52.3,52.9,49.5,,,,,,,,,,,,,,,,,,,,,,,,,,,,,,,,,,70.7,61.7,62.5,64.5,61.4,58.4,54.4,53.5,52.3,52.9,49.5
Sint Maarten (Dutch part),SXM,"Mortality rate, infant (per 1,000 live births)",SP.DYN.IMRT.IN,,,,,,,,,,,,,,,,,,,,,,,,,,,,,,,,,,,,,,,,,,,,,,,,,,,,,,,,
Seychelles,SYC,"Mortality rate, infant (per 1,000 live births)",SP.DYN.IMRT.IN,,11.9,11.9,12,12,12.1,12.1,12.2,12.3,12.4,12.5,12.5,,,,,,,,,,,,,,,,,,,,,,,,,,,,,,,,,,11.9,11.9,12,12,12.1,12.1,12.2,12.3,12.4,12.5,12.5
Syrian Arab Republic,SYR,"Mortality rate, infant (per 1,000 live births)",SP.DYN.IMRT.IN,,16.9,16.6,16.4,16.3,16.3,16.3,18.3,26.3,28.3,27.2,26.7,,,,,,,,,,,,,,,,,,,,,,,,,,,,,,,,,,16.9,16.6,16.4,16.3,16.3,16.3,18.3,26.3,28.3,27.2,26.7
Turks and Caicos Islands,TCA,"Mortality rate, infant (per 1,000 live births)",SP.DYN.IMRT.IN,,6,5.8,5.6,5.5,5.3,5.2,5.1,5,5,4.9,4.8,,,,,,,,,,,,,,,,,,,,,,,,,,,,,,,,,,6,5.8,5.6,5.5,5.3,5.2,5.1,5,5,4.9,4.8
Chad,TCD,"Mortality rate, infant (per 1,000 live births)",SP.DYN.IMRT.IN,,92.4,90.8,89.2,87.5,85.7,84,82.3,80.6,78.9,77.3,75.7,,,,,,,,,,,,,,,,,,,,,,,,,,,,,,,,,,92.4,90.8,89.2,87.5,85.7,84,82.3,80.6,78.9,77.3,75.7
East Asia & Pacific (IDA & IBRD countries),TEA,"Mortality rate, infant (per 1,000 live births)",SP.DYN.IMRT.IN,,24.27257358,22.83373614,21.43896967,20.57942202,19.05110566,18.04687083,17.15351532,15.98650978,15.36624994,14.52015923,14.07207613,,,,,,,,,,,,,,,,,,,,,,,,,,,,,,,,,,24.27257358,22.83373614,21.43896967,20.57942202,19.05110566,18.04687083,17.15351532,15.98650978,15.36624994,14.52015923,14.07207613
Europe & Central Asia (IDA & IBRD countries),TEC,"Mortality rate, infant (per 1,000 live births)",SP.DYN.IMRT.IN,,20.26935352,19.03011674,17.85195314,16.68837726,15.71365482,14.90214674,14.15664002,13.38027569,12.76556373,12.13517542,11.51311244,,,,,,,,,,,,,,,,,,,,,,,,,,,,,,,,,,20.26935352,19.03011674,17.85195314,16.68837726,15.71365482,14.90214674,14.15664002,13.38027569,12.76556373,12.13517542,11.51311244
Togo,TGO,"Mortality rate, infant (per 1,000 live births)",SP.DYN.IMRT.IN,,66.2,64.6,62.9,61.3,59.8,58.2,56.7,55.2,53.7,52.2,50.8,,,,,,,,,,,,,,,,,,,,,,,,,,,,,,,,,,66.2,64.6,62.9,61.3,59.8,58.2,56.7,55.2,53.7,52.2,50.8
Thailand,THA,"Mortality rate, infant (per 1,000 live births)",SP.DYN.IMRT.IN,,13.9,13.2,12.5,11.8,11.3,10.8,10.3,9.9,9.5,9.2,8.9,,,,,,,,,,,,,,,,,,,,,,,,,,,,,,,,,,13.9,13.2,12.5,11.8,11.3,10.8,10.3,9.9,9.5,9.2,8.9
Tajikistan,TJK,"Mortality rate, infant (per 1,000 live births)",SP.DYN.IMRT.IN,,47.1,44.2,41.8,39.8,38.2,37,35.9,35,34.3,33.5,32.7,,,,,,,,,,,,,,,,,,,,,,,,,,,,,,,,,,47.1,44.2,41.8,39.8,38.2,37,35.9,35,34.3,33.5,32.7
Turkmenistan,TKM,"Mortality rate, infant (per 1,000 live births)",SP.DYN.IMRT.IN,,44.2,42.1,40.4,39.1,38,37.2,36.7,36.4,36.3,36.5,36.7,,,,,,,,,,,,,,,,,,,,,,,,,,,,,,,,,,44.2,42.1,40.4,39.1,38,37.2,36.7,36.4,36.3,36.5,36.7
Latin America & the Caribbean (IDA & IBRD countries),TLA,"Mortality rate, infant (per 1,000 live births)",SP.DYN.IMRT.IN,,22.03287626,21.08705449,20.25736583,19.50695731,18.79319604,18.75139481,17.6062388,17.0681481,16.57555989,16.12081676,15.79950033,,,,,,,,,,,,,,,,,,,,,,,,,,,,,,,,,,22.03287626,21.08705449,20.25736583,19.50695731,18.79319604,18.75139481,17.6062388,17.0681481,16.57555989,16.12081676,15.79950033
Timor-Leste,TLS,"Mortality rate, infant (per 1,000 live births)",SP.DYN.IMRT.IN,,70.6,67.7,65.1,62.7,60.6,58.8,57.1,55.6,54.2,52.8,51.5,,,,,,,,,,,,,,,,,,,,,,,,,,,,,,,,,,70.6,67.7,65.1,62.7,60.6,58.8,57.1,55.6,54.2,52.8,51.5
Middle East & North Africa (IDA & IBRD countries),TMN,"Mortality rate, infant (per 1,000 live births)",SP.DYN.IMRT.IN,,30.1640276,28.90978563,27.58962185,26.38641044,25.42104446,24.46694828,23.78528288,23.53063977,22.873063,22.01058128,21.38283581,,,,,,,,,,,,,,,,,,,,,,,,,,,,,,,,,,30.1640276,28.90978563,27.58962185,26.38641044,25.42104446,24.46694828,23.78528288,23.53063977,22.873063,22.01058128,21.38283581
Tonga,TON,"Mortality rate, infant (per 1,000 live births)",SP.DYN.IMRT.IN,,12.7,12.3,12.1,11.8,11.5,11.3,11.2,11,10.9,10.8,10.7,,,,,,,,,,,,,,,,,,,,,,,,,,,,,,,,,,12.7,12.3,12.1,11.8,11.5,11.3,11.2,11,10.9,10.8,10.7
South Asia (IDA & IBRD),TSA,"Mortality rate, infant (per 1,000 live births)",SP.DYN.IMRT.IN,,59.0228153,57.16041653,55.37804211,53.53774706,51.71636612,49.93521341,48.08777238,46.23715913,44.42424456,42.6386591,40.79925307,,,,,,,,,,,,,,,,,,,,,,,,,,,,,,,,,,59.0228153,57.16041653,55.37804211,53.53774706,51.71636612,49.93521341,48.08777238,46.23715913,44.42424456,42.6386591,40.79925307
Sub-Saharan Africa (IDA & IBRD countries),TSS,"Mortality rate, infant (per 1,000 live births)",SP.DYN.IMRT.IN,,76.61488658,74.01580717,71.50004599,69.12364681,67.03926205,65.11333166,63.3175094,61.65274167,60.10598876,58.76580991,57.46829258,,,,,,,,,,,,,,,,,,,,,,,,,,,,,,,,,,76.61488658,74.01580717,71.50004599,69.12364681,67.03926205,65.11333166,63.3175094,61.65274167,60.10598876,58.76580991,57.46829258
Trinidad and Tobago,TTO,"Mortality rate, infant (per 1,000 live births)",SP.DYN.IMRT.IN,,22.8,22.3,21.7,21.1,20.5,19.9,19.3,18.8,18.2,17.7,17.2,,,,,,,,,,,,,,,,,,,,,,,,,,,,,,,,,,22.8,22.3,21.7,21.1,20.5,19.9,19.3,18.8,18.2,17.7,17.2
Tunisia,TUN,"Mortality rate, infant (per 1,000 live births)",SP.DYN.IMRT.IN,,18.5,17.8,17.2,16.7,16.4,16.1,16,15.8,15.6,15.4,15.1,,,,,,,,,,,,,,,,,,,,,,,,,,,,,,,,,,18.5,17.8,17.2,16.7,16.4,16.1,16,15.8,15.6,15.4,15.1
Turkiye,TUR,"Mortality rate, infant (per 1,000 live births)",SP.DYN.IMRT.IN,,21.7,20.2,18.9,17.6,16.4,15.4,14.4,13.6,12.8,12.1,11.5,,,,,,,,,,,,,,,,,,,,,,,,,,,,,,,,,,21.7,20.2,18.9,17.6,16.4,15.4,14.4,13.6,12.8,12.1,11.5
Tuvalu,TUV,"Mortality rate, infant (per 1,000 live births)",SP.DYN.IMRT.IN,,30.9,30.1,29.1,28.1,27,26,25.1,24.2,23.4,22.6,21.9,,,,,,,,,,,,,,,,,,,,,,,,,,,,,,,,,,30.9,30.1,29.1,28.1,27,26,25.1,24.2,23.4,22.6,21.9
Tanzania,TZA,"Mortality rate, infant (per 1,000 live births)",SP.DYN.IMRT.IN,,57.7,54.9,51.8,49.6,47.3,45.5,43.8,42.4,41.2,40.1,39.1,,,,,,,,,,,,,,,,,,,,,,,,,,,,,,,,,,57.7,54.9,51.8,49.6,47.3,45.5,43.8,42.4,41.2,40.1,39.1
Uganda,UGA,"Mortality rate, infant (per 1,000 live births)",SP.DYN.IMRT.IN,,65.8,61.8,58.2,54.8,52.3,49.6,47,44.4,42.6,40.9,39.2,,,,,,,,,,,,,,,,,,,,,,,,,,,,,,,,,,65.8,61.8,58.2,54.8,52.3,49.6,47,44.4,42.6,40.9,39.2
Ukraine,UKR,"Mortality rate, infant (per 1,000 live births)",SP.DYN.IMRT.IN,,12.5,12,11.6,11.1,10.6,10.1,9.6,9.1,8.7,8.4,8.1,,,,,,,,,,,,,,,,,,,,,,,,,,,,,,,,,,12.5,12,11.6,11.1,10.6,10.1,9.6,9.1,8.7,8.4,8.1
Upper middle income,UMC,"Mortality rate, infant (per 1,000 live births)",SP.DYN.IMRT.IN,,22.4,21.2,19.9,18.7,17.6,16.6,15.8,14.9,14.2,13.5,13,,,,,,,,,,,,,,,,,,,,,,,,,,,,,,,,,,22.4,21.2,19.9,18.7,17.6,16.6,15.8,14.9,14.2,13.5,13
Uruguay,URY,"Mortality rate, infant (per 1,000 live births)",SP.DYN.IMRT.IN,,12.4,11.7,10.9,10.2,9.7,9.2,8.9,8.6,8.3,7.9,7.6,,,,,,,,,,,,,,,,,,,,,,,,,,,,,,,,,,12.4,11.7,10.9,10.2,9.7,9.2,8.9,8.6,8.3,7.9,7.6
United States,USA,"Mortality rate, infant (per 1,000 live births)",SP.DYN.IMRT.IN,,6.7,6.7,6.6,6.5,6.4,6.2,6.1,6,5.9,5.9,5.8,,,,,,,,,,,,,,,,,,,,,,,,,,,,,,,,,,6.7,6.7,6.6,6.5,6.4,6.2,6.1,6,5.9,5.9,5.8
Uzbekistan,UZB,"Mortality rate, infant (per 1,000 live births)",SP.DYN.IMRT.IN,,39.4,36.7,34.1,31.5,29,26.7,24.5,22.5,20.7,19.1,17.7,,,,,,,,,,,,,,,,,,,,,,,,,,,,,,,,,,39.4,36.7,34.1,31.5,29,26.7,24.5,22.5,20.7,19.1,17.7
St. Vincent and the Grenadines,VCT,"Mortality rate, infant (per 1,000 live births)",SP.DYN.IMRT.IN,,19.8,19.9,19.9,19.7,19.4,18.9,18.3,17.6,16.8,16,15.1,,,,,,,,,,,,,,,,,,,,,,,,,,,,,,,,,,19.8,19.9,19.9,19.7,19.4,18.9,18.3,17.6,16.8,16,15.1
"Venezuela, RB",VEN,"Mortality rate, infant (per 1,000 live births)",SP.DYN.IMRT.IN,,15.9,15.4,15,14.7,14.7,14.7,14.8,15,15.3,15.6,16.6,,,,,,,,,,,,,,,,,,,,,,,,,,,,,,,,,,15.9,15.4,15,14.7,14.7,14.7,14.8,15,15.3,15.6,16.6
British Virgin Islands,VGB,"Mortality rate, infant (per 1,000 live births)",SP.DYN.IMRT.IN,,13.8,13.7,13.6,13.6,13.6,13.6,13.7,13.7,13.7,13.7,13.6,,,,,,,,,,,,,,,,,,,,,,,,,,,,,,,,,,13.8,13.7,13.6,13.6,13.6,13.6,13.7,13.7,13.7,13.7,13.6
Virgin Islands (U.S.),VIR,"Mortality rate, infant (per 1,000 live births)",SP.DYN.IMRT.IN,,,,,,,,,,,,,,,,,,,,,,,,,,,,,,,,,,,,,,,,,,,,,,,,,,,,,,,,
Viet Nam,VNM,"Mortality rate, infant (per 1,000 live births)",SP.DYN.IMRT.IN,,20,19.5,19.2,18.9,18.7,18.4,18.2,18,17.8,17.7,17.5,,,,,,,,,,,,,,,,,,,,,,,,,,,,,,,,,,20,19.5,19.2,18.9,18.7,18.4,18.2,18,17.8,17.7,17.5
Vanuatu,VUT,"Mortality rate, infant (per 1,000 live births)",SP.DYN.IMRT.IN,,22.8,22.5,22,21.4,20.8,20.1,19.5,19,18.5,18.2,17.9,,,,,,,,,,,,,,,,,,,,,,,,,,,,,,,,,,22.8,22.5,22,21.4,20.8,20.1,19.5,19,18.5,18.2,17.9
World,WLD,"Mortality rate, infant (per 1,000 live births)",SP.DYN.IMRT.IN,,44.7,43,41.4,39.9,38.5,37.3,36.1,34.7,33.8,32.7,32,,,,,,,,,,,,,,,,,,,,,,,,,,,,,,,,,,44.7,43,41.4,39.9,38.5,37.3,36.1,34.7,33.8,32.7,32
Samoa,WSM,"Mortality rate, infant (per 1,000 live births)",SP.DYN.IMRT.IN,,16.5,16.4,16.5,16.5,18.7,16.5,16.5,16.3,16.2,16,15.9,,,,,,,,,,,,,,,,,,,,,,,,,,,,,,,,,,16.5,16.4,16.5,16.5,18.7,16.5,16.5,16.3,16.2,16,15.9
Kosovo,XKX,"Mortality rate, infant (per 1,000 live births)",SP.DYN.IMRT.IN,,27.2,25,23,21.2,19.5,18.1,16.8,15.7,14.7,13.8,13,,,,,,,,,,,,,,,,,,,,,,,,,,,,,,,,,,27.2,25,23,21.2,19.5,18.1,16.8,15.7,14.7,13.8,13
"Yemen, Rep.",YEM,"Mortality rate, infant (per 1,000 live births)",SP.DYN.IMRT.IN,,53.4,50.9,48.6,46.5,44.7,43,41.6,40.5,39.3,38.4,38.4,,,,,,,,,,,,,,,,,,,,,,,,,,,,,,,,,,53.4,50.9,48.6,46.5,44.7,43,41.6,40.5,39.3,38.4,38.4
South Africa,ZAF,"Mortality rate, infant (per 1,000 live births)",SP.DYN.IMRT.IN,,49.9,49.1,47.5,44,40,35.7,33.4,32,31.1,30.4,29.8,,,,,,,,,,,,,,,,,,,,,,,,,,,,,,,,,,49.9,49.1,47.5,44,40,35.7,33.4,32,31.1,30.4,29.8
Zambia,ZMB,"Mortality rate, infant (per 1,000 live births)",SP.DYN.IMRT.IN,,62.5,58.8,57,54.6,52.8,51.1,50.1,49.1,47.9,47,47.1,,,,,,,,,,,,,,,,,,,,,,,,,,,,,,,,,,62.5,58.8,57,54.6,52.8,51.1,50.1,49.1,47.9,47,47.1
Zimbabwe,ZWE,"Mortality rate, infant (per 1,000 live births)",SP.DYN.IMRT.IN,,52.7,54.8,55.9,55.6,54.7,52.5,51.1,46.8,45,43,41.9,,,,,,,,,,,,,,,,,,,,,,,,,,,,,,,,,,52.7,54.8,55.9,55.6,54.7,52.5,51.1,46.8,45,43,41.9
